ProductID,Name,ProductNumber,MakeFlag,FinishedGoodsFlag,Color,SafetyStockLevel,ReorderPoint,StandardCost,ListPrice,Size,SizeUnitMeasureCode,WeightUnitMeasureCode,Weight,DaysToManufacture,ProductLine,Class,Style,ProductSubcategoryID,ProductModelID,ProductCategoryID,ProductCategory,TotalUnitPrice,TotalUnitPriceDiscount
1,Adjustable Race,AR-5381,0,0,NULL,1000,750,0,0,NULL,NULL,NULL,NULL,0,NULL,NULL,NULL,NULL,NULL,NULL,NULL,NULL,NULL
2,Bearing Ball,BA-8327,0,0,NULL,1000,750,0,0,NULL,NULL,NULL,NULL,0,NULL,NULL,NULL,NULL,NULL,NULL,NULL,NULL,NULL
3,BB Ball Bearing,BE-2349,1,0,NULL,800,600,0,0,NULL,NULL,NULL,NULL,1,NULL,NULL,NULL,NULL,NULL,NULL,NULL,NULL,NULL
4,Headset Ball Bearings,BE-2908,0,0,NULL,800,600,0,0,NULL,NULL,NULL,NULL,0,NULL,NULL,NULL,NULL,NULL,NULL,NULL,NULL,NULL
316,Blade,BL-2036,1,0,NULL,800,600,0,0,NULL,NULL,NULL,NULL,1,NULL,NULL,NULL,NULL,NULL,NULL,NULL,NULL,NULL
317,LL Crankarm,CA-5965,0,0,Black,500,375,0,0,NULL,NULL,NULL,NULL,0,NULL,L ,NULL,NULL,NULL,NULL,NULL,NULL,NULL
318,ML Crankarm,CA-6738,0,0,Black,500,375,0,0,NULL,NULL,NULL,NULL,0,NULL,M ,NULL,NULL,NULL,NULL,NULL,NULL,NULL
319,HL Crankarm,CA-7457,0,0,Black,500,375,0,0,NULL,NULL,NULL,NULL,0,NULL,NULL,NULL,NULL,NULL,NULL,NULL,NULL,NULL
320,Chainring Bolts,CB-2903,0,0,Silver,1000,750,0,0,NULL,NULL,NULL,NULL,0,NULL,NULL,NULL,NULL,NULL,NULL,NULL,NULL,NULL
321,Chainring Nut,CN-6137,0,0,Silver,1000,750,0,0,NULL,NULL,NULL,NULL,0,NULL,NULL,NULL,NULL,NULL,NULL,NULL,NULL,NULL
322,Chainring,CR-7833,0,0,Black,1000,750,0,0,NULL,NULL,NULL,NULL,0,NULL,NULL,NULL,NULL,NULL,NULL,NULL,NULL,NULL
323,Crown Race,CR-9981,0,0,NULL,1000,750,0,0,NULL,NULL,NULL,NULL,0,NULL,NULL,NULL,NULL,NULL,NULL,NULL,NULL,NULL
324,Chain Stays,CS-2812,1,0,NULL,1000,750,0,0,NULL,NULL,NULL,NULL,1,NULL,NULL,NULL,NULL,NULL,NULL,NULL,NULL,NULL
325,Decal 1,DC-8732,0,0,NULL,1000,750,0,0,NULL,NULL,NULL,NULL,0,NULL,NULL,NULL,NULL,NULL,NULL,NULL,NULL,NULL
326,Decal 2,DC-9824,0,0,NULL,1000,750,0,0,NULL,NULL,NULL,NULL,0,NULL,NULL,NULL,NULL,NULL,NULL,NULL,NULL,NULL
327,Down Tube,DT-2377,1,0,NULL,800,600,0,0,NULL,NULL,NULL,NULL,1,NULL,NULL,NULL,NULL,NULL,NULL,NULL,NULL,NULL
328,Mountain End Caps,EC-M092,1,0,NULL,1000,750,0,0,NULL,NULL,NULL,NULL,1,NULL,NULL,NULL,NULL,NULL,NULL,NULL,NULL,NULL
329,Road End Caps,EC-R098,1,0,NULL,1000,750,0,0,NULL,NULL,NULL,NULL,1,NULL,NULL,NULL,NULL,NULL,NULL,NULL,NULL,NULL
330,Touring End Caps,EC-T209,1,0,NULL,1000,750,0,0,NULL,NULL,NULL,NULL,1,NULL,NULL,NULL,NULL,NULL,NULL,NULL,NULL,NULL
331,Fork End,FE-3760,1,0,NULL,800,600,0,0,NULL,NULL,NULL,NULL,1,NULL,NULL,NULL,NULL,NULL,NULL,NULL,NULL,NULL
332,Freewheel,FH-2981,0,0,Silver,500,375,0,0,NULL,NULL,NULL,NULL,0,NULL,NULL,NULL,NULL,NULL,NULL,NULL,NULL,NULL
341,Flat Washer 1,FW-1000,0,0,NULL,1000,750,0,0,NULL,NULL,NULL,NULL,0,NULL,NULL,NULL,NULL,NULL,NULL,NULL,NULL,NULL
342,Flat Washer 6,FW-1200,0,0,NULL,1000,750,0,0,NULL,NULL,NULL,NULL,0,NULL,NULL,NULL,NULL,NULL,NULL,NULL,NULL,NULL
343,Flat Washer 2,FW-1400,0,0,NULL,1000,750,0,0,NULL,NULL,NULL,NULL,0,NULL,NULL,NULL,NULL,NULL,NULL,NULL,NULL,NULL
344,Flat Washer 9,FW-3400,0,0,NULL,1000,750,0,0,NULL,NULL,NULL,NULL,0,NULL,NULL,NULL,NULL,NULL,NULL,NULL,NULL,NULL
345,Flat Washer 4,FW-3800,0,0,NULL,1000,750,0,0,NULL,NULL,NULL,NULL,0,NULL,NULL,NULL,NULL,NULL,NULL,NULL,NULL,NULL
346,Flat Washer 3,FW-5160,0,0,NULL,1000,750,0,0,NULL,NULL,NULL,NULL,0,NULL,NULL,NULL,NULL,NULL,NULL,NULL,NULL,NULL
347,Flat Washer 8,FW-5800,0,0,NULL,1000,750,0,0,NULL,NULL,NULL,NULL,0,NULL,NULL,NULL,NULL,NULL,NULL,NULL,NULL,NULL
348,Flat Washer 5,FW-7160,0,0,NULL,1000,750,0,0,NULL,NULL,NULL,NULL,0,NULL,NULL,NULL,NULL,NULL,NULL,NULL,NULL,NULL
349,Flat Washer 7,FW-9160,0,0,NULL,1000,750,0,0,NULL,NULL,NULL,NULL,0,NULL,NULL,NULL,NULL,NULL,NULL,NULL,NULL,NULL
350,Fork Crown,FC-3654,1,0,NULL,800,600,0,0,NULL,NULL,NULL,NULL,1,NULL,NULL,NULL,NULL,NULL,NULL,NULL,NULL,NULL
351,Front Derailleur Cage,FC-3982,0,0,Silver,800,600,0,0,NULL,NULL,NULL,NULL,0,NULL,NULL,NULL,NULL,NULL,NULL,NULL,NULL,NULL
352,Front Derailleur Linkage,FL-2301,0,0,Silver,800,600,0,0,NULL,NULL,NULL,NULL,0,NULL,NULL,NULL,NULL,NULL,NULL,NULL,NULL,NULL
355,Guide Pulley,GP-0982,0,0,NULL,800,600,0,0,NULL,NULL,NULL,NULL,0,NULL,NULL,NULL,NULL,NULL,NULL,NULL,NULL,NULL
356,LL Grip Tape,GT-0820,0,0,NULL,800,600,0,0,NULL,NULL,NULL,NULL,0,NULL,L ,NULL,NULL,NULL,NULL,NULL,NULL,NULL
357,ML Grip Tape,GT-1209,0,0,NULL,800,600,0,0,NULL,NULL,NULL,NULL,0,NULL,M ,NULL,NULL,NULL,NULL,NULL,NULL,NULL
358,HL Grip Tape,GT-2908,0,0,NULL,800,600,0,0,NULL,NULL,NULL,NULL,0,NULL,NULL,NULL,NULL,NULL,NULL,NULL,NULL,NULL
359,Thin-Jam Hex Nut 9,HJ-1213,0,0,NULL,1000,750,0,0,NULL,NULL,NULL,NULL,0,NULL,NULL,NULL,NULL,NULL,NULL,NULL,NULL,NULL
360,Thin-Jam Hex Nut 10,HJ-1220,0,0,NULL,1000,750,0,0,NULL,NULL,NULL,NULL,0,NULL,NULL,NULL,NULL,NULL,NULL,NULL,NULL,NULL
361,Thin-Jam Hex Nut 1,HJ-1420,0,0,NULL,1000,750,0,0,NULL,NULL,NULL,NULL,0,NULL,NULL,NULL,NULL,NULL,NULL,NULL,NULL,NULL
362,Thin-Jam Hex Nut 2,HJ-1428,0,0,NULL,1000,750,0,0,NULL,NULL,NULL,NULL,0,NULL,NULL,NULL,NULL,NULL,NULL,NULL,NULL,NULL
363,Thin-Jam Hex Nut 15,HJ-3410,0,0,NULL,1000,750,0,0,NULL,NULL,NULL,NULL,0,NULL,NULL,NULL,NULL,NULL,NULL,NULL,NULL,NULL
364,Thin-Jam Hex Nut 16,HJ-3416,0,0,NULL,1000,750,0,0,NULL,NULL,NULL,NULL,0,NULL,NULL,NULL,NULL,NULL,NULL,NULL,NULL,NULL
365,Thin-Jam Hex Nut 5,HJ-3816,0,0,NULL,1000,750,0,0,NULL,NULL,NULL,NULL,0,NULL,NULL,NULL,NULL,NULL,NULL,NULL,NULL,NULL
366,Thin-Jam Hex Nut 6,HJ-3824,0,0,NULL,1000,750,0,0,NULL,NULL,NULL,NULL,0,NULL,NULL,NULL,NULL,NULL,NULL,NULL,NULL,NULL
367,Thin-Jam Hex Nut 3,HJ-5161,0,0,NULL,1000,750,0,0,NULL,NULL,NULL,NULL,0,NULL,NULL,NULL,NULL,NULL,NULL,NULL,NULL,NULL
368,Thin-Jam Hex Nut 4,HJ-5162,0,0,NULL,1000,750,0,0,NULL,NULL,NULL,NULL,0,NULL,NULL,NULL,NULL,NULL,NULL,NULL,NULL,NULL
369,Thin-Jam Hex Nut 13,HJ-5811,0,0,NULL,1000,750,0,0,NULL,NULL,NULL,NULL,0,NULL,NULL,NULL,NULL,NULL,NULL,NULL,NULL,NULL
370,Thin-Jam Hex Nut 14,HJ-5818,0,0,NULL,1000,750,0,0,NULL,NULL,NULL,NULL,0,NULL,NULL,NULL,NULL,NULL,NULL,NULL,NULL,NULL
371,Thin-Jam Hex Nut 7,HJ-7161,0,0,NULL,1000,750,0,0,NULL,NULL,NULL,NULL,0,NULL,NULL,NULL,NULL,NULL,NULL,NULL,NULL,NULL
372,Thin-Jam Hex Nut 8,HJ-7162,0,0,NULL,1000,750,0,0,NULL,NULL,NULL,NULL,0,NULL,NULL,NULL,NULL,NULL,NULL,NULL,NULL,NULL
373,Thin-Jam Hex Nut 12,HJ-9080,0,0,NULL,1000,750,0,0,NULL,NULL,NULL,NULL,0,NULL,NULL,NULL,NULL,NULL,NULL,NULL,NULL,NULL
374,Thin-Jam Hex Nut 11,HJ-9161,0,0,NULL,1000,750,0,0,NULL,NULL,NULL,NULL,0,NULL,NULL,NULL,NULL,NULL,NULL,NULL,NULL,NULL
375,Hex Nut 5,HN-1024,0,0,NULL,1000,750,0,0,NULL,NULL,NULL,NULL,0,NULL,NULL,NULL,NULL,NULL,NULL,NULL,NULL,NULL
376,Hex Nut 6,HN-1032,0,0,NULL,1000,750,0,0,NULL,NULL,NULL,NULL,0,NULL,NULL,NULL,NULL,NULL,NULL,NULL,NULL,NULL
377,Hex Nut 16,HN-1213,0,0,NULL,1000,750,0,0,NULL,NULL,NULL,NULL,0,NULL,NULL,NULL,NULL,NULL,NULL,NULL,NULL,NULL
378,Hex Nut 17,HN-1220,0,0,NULL,1000,750,0,0,NULL,NULL,NULL,NULL,0,NULL,NULL,NULL,NULL,NULL,NULL,NULL,NULL,NULL
379,Hex Nut 7,HN-1224,0,0,NULL,1000,750,0,0,NULL,NULL,NULL,NULL,0,NULL,NULL,NULL,NULL,NULL,NULL,NULL,NULL,NULL
380,Hex Nut 8,HN-1420,0,0,NULL,1000,750,0,0,NULL,NULL,NULL,NULL,0,NULL,NULL,NULL,NULL,NULL,NULL,NULL,NULL,NULL
381,Hex Nut 9,HN-1428,0,0,NULL,1000,750,0,0,NULL,NULL,NULL,NULL,0,NULL,NULL,NULL,NULL,NULL,NULL,NULL,NULL,NULL
382,Hex Nut 22,HN-3410,0,0,NULL,1000,750,0,0,NULL,NULL,NULL,NULL,0,NULL,NULL,NULL,NULL,NULL,NULL,NULL,NULL,NULL
383,Hex Nut 23,HN-3416,0,0,NULL,1000,750,0,0,NULL,NULL,NULL,NULL,0,NULL,NULL,NULL,NULL,NULL,NULL,NULL,NULL,NULL
384,Hex Nut 12,HN-3816,0,0,NULL,1000,750,0,0,NULL,NULL,NULL,NULL,0,NULL,NULL,NULL,NULL,NULL,NULL,NULL,NULL,NULL
385,Hex Nut 13,HN-3824,0,0,NULL,1000,750,0,0,NULL,NULL,NULL,NULL,0,NULL,NULL,NULL,NULL,NULL,NULL,NULL,NULL,NULL
386,Hex Nut 1,HN-4402,0,0,NULL,1000,750,0,0,NULL,NULL,NULL,NULL,0,NULL,NULL,NULL,NULL,NULL,NULL,NULL,NULL,NULL
387,Hex Nut 10,HN-5161,0,0,NULL,1000,750,0,0,NULL,NULL,NULL,NULL,0,NULL,NULL,NULL,NULL,NULL,NULL,NULL,NULL,NULL
388,Hex Nut 11,HN-5162,0,0,NULL,1000,750,0,0,NULL,NULL,NULL,NULL,0,NULL,NULL,NULL,NULL,NULL,NULL,NULL,NULL,NULL
389,Hex Nut 2,HN-5400,0,0,NULL,1000,750,0,0,NULL,NULL,NULL,NULL,0,NULL,NULL,NULL,NULL,NULL,NULL,NULL,NULL,NULL
390,Hex Nut 20,HN-5811,0,0,NULL,1000,750,0,0,NULL,NULL,NULL,NULL,0,NULL,NULL,NULL,NULL,NULL,NULL,NULL,NULL,NULL
391,Hex Nut 21,HN-5818,0,0,NULL,1000,750,0,0,NULL,NULL,NULL,NULL,0,NULL,NULL,NULL,NULL,NULL,NULL,NULL,NULL,NULL
392,Hex Nut 3,HN-6320,0,0,NULL,1000,750,0,0,NULL,NULL,NULL,NULL,0,NULL,NULL,NULL,NULL,NULL,NULL,NULL,NULL,NULL
393,Hex Nut 14,HN-7161,0,0,NULL,1000,750,0,0,NULL,NULL,NULL,NULL,0,NULL,NULL,NULL,NULL,NULL,NULL,NULL,NULL,NULL
394,Hex Nut 15,HN-7162,0,0,NULL,1000,750,0,0,NULL,NULL,NULL,NULL,0,NULL,NULL,NULL,NULL,NULL,NULL,NULL,NULL,NULL
395,Hex Nut 4,HN-8320,0,0,NULL,1000,750,0,0,NULL,NULL,NULL,NULL,0,NULL,NULL,NULL,NULL,NULL,NULL,NULL,NULL,NULL
396,Hex Nut 18,HN-9161,0,0,NULL,1000,750,0,0,NULL,NULL,NULL,NULL,0,NULL,NULL,NULL,NULL,NULL,NULL,NULL,NULL,NULL
397,Hex Nut 19,HN-9168,0,0,NULL,1000,750,0,0,NULL,NULL,NULL,NULL,0,NULL,NULL,NULL,NULL,NULL,NULL,NULL,NULL,NULL
398,Handlebar Tube,HT-2981,1,0,NULL,800,600,0,0,NULL,NULL,NULL,NULL,1,NULL,NULL,NULL,NULL,NULL,NULL,NULL,NULL,NULL
399,Head Tube,HT-8019,1,0,NULL,800,600,0,0,NULL,NULL,NULL,NULL,1,NULL,NULL,NULL,NULL,NULL,NULL,NULL,NULL,NULL
400,LL Hub,HU-6280,1,0,NULL,500,375,0,0,NULL,NULL,NULL,NULL,1,NULL,L ,NULL,NULL,NULL,NULL,NULL,NULL,NULL
401,HL Hub,HU-8998,1,0,NULL,500,375,0,0,NULL,NULL,NULL,NULL,1,NULL,NULL,NULL,NULL,NULL,NULL,NULL,NULL,NULL
402,Keyed Washer,KW-4091,0,0,NULL,1000,750,0,0,NULL,NULL,NULL,NULL,0,NULL,NULL,NULL,NULL,NULL,NULL,NULL,NULL,NULL
403,External Lock Washer 3,LE-1000,0,0,NULL,1000,750,0,0,NULL,NULL,NULL,NULL,0,NULL,NULL,NULL,NULL,NULL,NULL,NULL,NULL,NULL
404,External Lock Washer 4,LE-1200,0,0,NULL,1000,750,0,0,NULL,NULL,NULL,NULL,0,NULL,NULL,NULL,NULL,NULL,NULL,NULL,NULL,NULL
405,External Lock Washer 9,LE-1201,0,0,NULL,1000,750,0,0,NULL,NULL,NULL,NULL,0,NULL,NULL,NULL,NULL,NULL,NULL,NULL,NULL,NULL
406,External Lock Washer 5,LE-1400,0,0,NULL,1000,750,0,0,NULL,NULL,NULL,NULL,0,NULL,NULL,NULL,NULL,NULL,NULL,NULL,NULL,NULL
407,External Lock Washer 7,LE-3800,0,0,NULL,1000,750,0,0,NULL,NULL,NULL,NULL,0,NULL,NULL,NULL,NULL,NULL,NULL,NULL,NULL,NULL
408,External Lock Washer 6,LE-5160,0,0,NULL,1000,750,0,0,NULL,NULL,NULL,NULL,0,NULL,NULL,NULL,NULL,NULL,NULL,NULL,NULL,NULL
409,External Lock Washer 1,LE-6000,0,0,NULL,1000,750,0,0,NULL,NULL,NULL,NULL,0,NULL,NULL,NULL,NULL,NULL,NULL,NULL,NULL,NULL
410,External Lock Washer 8,LE-7160,0,0,NULL,1000,750,0,0,NULL,NULL,NULL,NULL,0,NULL,NULL,NULL,NULL,NULL,NULL,NULL,NULL,NULL
411,External Lock Washer 2,LE-8000,0,0,NULL,1000,750,0,0,NULL,NULL,NULL,NULL,0,NULL,NULL,NULL,NULL,NULL,NULL,NULL,NULL,NULL
412,Internal Lock Washer 3,LI-1000,0,0,NULL,1000,750,0,0,NULL,NULL,NULL,NULL,0,NULL,NULL,NULL,NULL,NULL,NULL,NULL,NULL,NULL
413,Internal Lock Washer 4,LI-1200,0,0,NULL,1000,750,0,0,NULL,NULL,NULL,NULL,0,NULL,NULL,NULL,NULL,NULL,NULL,NULL,NULL,NULL
414,Internal Lock Washer 9,LI-1201,0,0,NULL,1000,750,0,0,NULL,NULL,NULL,NULL,0,NULL,NULL,NULL,NULL,NULL,NULL,NULL,NULL,NULL
415,Internal Lock Washer 5,LI-1400,0,0,NULL,1000,750,0,0,NULL,NULL,NULL,NULL,0,NULL,NULL,NULL,NULL,NULL,NULL,NULL,NULL,NULL
416,Internal Lock Washer 7,LI-3800,0,0,NULL,1000,750,0,0,NULL,NULL,NULL,NULL,0,NULL,NULL,NULL,NULL,NULL,NULL,NULL,NULL,NULL
417,Internal Lock Washer 6,LI-5160,0,0,NULL,1000,750,0,0,NULL,NULL,NULL,NULL,0,NULL,NULL,NULL,NULL,NULL,NULL,NULL,NULL,NULL
418,Internal Lock Washer 10,LI-5800,0,0,NULL,1000,750,0,0,NULL,NULL,NULL,NULL,0,NULL,NULL,NULL,NULL,NULL,NULL,NULL,NULL,NULL
419,Internal Lock Washer 1,LI-6000,0,0,NULL,1000,750,0,0,NULL,NULL,NULL,NULL,0,NULL,NULL,NULL,NULL,NULL,NULL,NULL,NULL,NULL
420,Internal Lock Washer 8,LI-7160,0,0,NULL,1000,750,0,0,NULL,NULL,NULL,NULL,0,NULL,NULL,NULL,NULL,NULL,NULL,NULL,NULL,NULL
421,Internal Lock Washer 2,LI-8000,0,0,NULL,1000,750,0,0,NULL,NULL,NULL,NULL,0,NULL,NULL,NULL,NULL,NULL,NULL,NULL,NULL,NULL
422,Thin-Jam Lock Nut 9,LJ-1213,0,0,NULL,1000,750,0,0,NULL,NULL,NULL,NULL,0,NULL,NULL,NULL,NULL,NULL,NULL,NULL,NULL,NULL
423,Thin-Jam Lock Nut 10,LJ-1220,0,0,NULL,1000,750,0,0,NULL,NULL,NULL,NULL,0,NULL,NULL,NULL,NULL,NULL,NULL,NULL,NULL,NULL
424,Thin-Jam Lock Nut 1,LJ-1420,0,0,NULL,1000,750,0,0,NULL,NULL,NULL,NULL,0,NULL,NULL,NULL,NULL,NULL,NULL,NULL,NULL,NULL
425,Thin-Jam Lock Nut 2,LJ-1428,0,0,NULL,1000,750,0,0,NULL,NULL,NULL,NULL,0,NULL,NULL,NULL,NULL,NULL,NULL,NULL,NULL,NULL
426,Thin-Jam Lock Nut 15,LJ-3410,0,0,NULL,1000,750,0,0,NULL,NULL,NULL,NULL,0,NULL,NULL,NULL,NULL,NULL,NULL,NULL,NULL,NULL
427,Thin-Jam Lock Nut 16,LJ-3416,0,0,NULL,1000,750,0,0,NULL,NULL,NULL,NULL,0,NULL,NULL,NULL,NULL,NULL,NULL,NULL,NULL,NULL
428,Thin-Jam Lock Nut 5,LJ-3816,0,0,NULL,1000,750,0,0,NULL,NULL,NULL,NULL,0,NULL,NULL,NULL,NULL,NULL,NULL,NULL,NULL,NULL
429,Thin-Jam Lock Nut 6,LJ-3824,0,0,NULL,1000,750,0,0,NULL,NULL,NULL,NULL,0,NULL,NULL,NULL,NULL,NULL,NULL,NULL,NULL,NULL
430,Thin-Jam Lock Nut 3,LJ-5161,0,0,NULL,1000,750,0,0,NULL,NULL,NULL,NULL,0,NULL,NULL,NULL,NULL,NULL,NULL,NULL,NULL,NULL
431,Thin-Jam Lock Nut 4,LJ-5162,0,0,NULL,1000,750,0,0,NULL,NULL,NULL,NULL,0,NULL,NULL,NULL,NULL,NULL,NULL,NULL,NULL,NULL
432,Thin-Jam Lock Nut 13,LJ-5811,0,0,NULL,1000,750,0,0,NULL,NULL,NULL,NULL,0,NULL,NULL,NULL,NULL,NULL,NULL,NULL,NULL,NULL
433,Thin-Jam Lock Nut 14,LJ-5818,0,0,NULL,1000,750,0,0,NULL,NULL,NULL,NULL,0,NULL,NULL,NULL,NULL,NULL,NULL,NULL,NULL,NULL
434,Thin-Jam Lock Nut 7,LJ-7161,0,0,NULL,1000,750,0,0,NULL,NULL,NULL,NULL,0,NULL,NULL,NULL,NULL,NULL,NULL,NULL,NULL,NULL
435,Thin-Jam Lock Nut 8,LJ-7162,0,0,NULL,1000,750,0,0,NULL,NULL,NULL,NULL,0,NULL,NULL,NULL,NULL,NULL,NULL,NULL,NULL,NULL
436,Thin-Jam Lock Nut 12,LJ-9080,0,0,NULL,1000,750,0,0,NULL,NULL,NULL,NULL,0,NULL,NULL,NULL,NULL,NULL,NULL,NULL,NULL,NULL
437,Thin-Jam Lock Nut 11,LJ-9161,0,0,NULL,1000,750,0,0,NULL,NULL,NULL,NULL,0,NULL,NULL,NULL,NULL,NULL,NULL,NULL,NULL,NULL
438,Lock Nut 5,LN-1024,0,0,NULL,1000,750,0,0,NULL,NULL,NULL,NULL,0,NULL,NULL,NULL,NULL,NULL,NULL,NULL,NULL,NULL
439,Lock Nut 6,LN-1032,0,0,NULL,1000,750,0,0,NULL,NULL,NULL,NULL,0,NULL,NULL,NULL,NULL,NULL,NULL,NULL,NULL,NULL
440,Lock Nut 16,LN-1213,0,0,NULL,1000,750,0,0,NULL,NULL,NULL,NULL,0,NULL,NULL,NULL,NULL,NULL,NULL,NULL,NULL,NULL
441,Lock Nut 17,LN-1220,0,0,NULL,1000,750,0,0,NULL,NULL,NULL,NULL,0,NULL,NULL,NULL,NULL,NULL,NULL,NULL,NULL,NULL
442,Lock Nut 7,LN-1224,0,0,NULL,1000,750,0,0,NULL,NULL,NULL,NULL,0,NULL,NULL,NULL,NULL,NULL,NULL,NULL,NULL,NULL
443,Lock Nut 8,LN-1420,0,0,NULL,1000,750,0,0,NULL,NULL,NULL,NULL,0,NULL,NULL,NULL,NULL,NULL,NULL,NULL,NULL,NULL
444,Lock Nut 9,LN-1428,0,0,NULL,1000,750,0,0,NULL,NULL,NULL,NULL,0,NULL,NULL,NULL,NULL,NULL,NULL,NULL,NULL,NULL
445,Lock Nut 22,LN-3410,0,0,NULL,1000,750,0,0,NULL,NULL,NULL,NULL,0,NULL,NULL,NULL,NULL,NULL,NULL,NULL,NULL,NULL
446,Lock Nut 23,LN-3416,0,0,NULL,1000,750,0,0,NULL,NULL,NULL,NULL,0,NULL,NULL,NULL,NULL,NULL,NULL,NULL,NULL,NULL
447,Lock Nut 12,LN-3816,0,0,NULL,1000,750,0,0,NULL,NULL,NULL,NULL,0,NULL,NULL,NULL,NULL,NULL,NULL,NULL,NULL,NULL
448,Lock Nut 13,LN-3824,0,0,NULL,1000,750,0,0,NULL,NULL,NULL,NULL,0,NULL,NULL,NULL,NULL,NULL,NULL,NULL,NULL,NULL
449,Lock Nut 1,LN-4400,0,0,NULL,1000,750,0,0,NULL,NULL,NULL,NULL,0,NULL,NULL,NULL,NULL,NULL,NULL,NULL,NULL,NULL
450,Lock Nut 10,LN-5161,0,0,NULL,1000,750,0,0,NULL,NULL,NULL,NULL,0,NULL,NULL,NULL,NULL,NULL,NULL,NULL,NULL,NULL
451,Lock Nut 11,LN-5162,0,0,NULL,1000,750,0,0,NULL,NULL,NULL,NULL,0,NULL,NULL,NULL,NULL,NULL,NULL,NULL,NULL,NULL
452,Lock Nut 2,LN-5400,0,0,NULL,1000,750,0,0,NULL,NULL,NULL,NULL,0,NULL,NULL,NULL,NULL,NULL,NULL,NULL,NULL,NULL
453,Lock Nut 20,LN-5811,0,0,NULL,1000,750,0,0,NULL,NULL,NULL,NULL,0,NULL,NULL,NULL,NULL,NULL,NULL,NULL,NULL,NULL
454,Lock Nut 21,LN-5818,0,0,NULL,1000,750,0,0,NULL,NULL,NULL,NULL,0,NULL,NULL,NULL,NULL,NULL,NULL,NULL,NULL,NULL
455,Lock Nut 3,LN-6320,0,0,NULL,1000,750,0,0,NULL,NULL,NULL,NULL,0,NULL,NULL,NULL,NULL,NULL,NULL,NULL,NULL,NULL
456,Lock Nut 14,LN-7161,0,0,NULL,1000,750,0,0,NULL,NULL,NULL,NULL,0,NULL,NULL,NULL,NULL,NULL,NULL,NULL,NULL,NULL
457,Lock Nut 15,LN-7162,0,0,NULL,1000,750,0,0,NULL,NULL,NULL,NULL,0,NULL,NULL,NULL,NULL,NULL,NULL,NULL,NULL,NULL
458,Lock Nut 4,LN-8320,0,0,NULL,1000,750,0,0,NULL,NULL,NULL,NULL,0,NULL,NULL,NULL,NULL,NULL,NULL,NULL,NULL,NULL
459,Lock Nut 19,LN-9080,0,0,NULL,1000,750,0,0,NULL,NULL,NULL,NULL,0,NULL,NULL,NULL,NULL,NULL,NULL,NULL,NULL,NULL
460,Lock Nut 18,LN-9161,0,0,NULL,1000,750,0,0,NULL,NULL,NULL,NULL,0,NULL,NULL,NULL,NULL,NULL,NULL,NULL,NULL,NULL
461,Lock Ring,LR-2398,0,0,Silver,1000,750,0,0,NULL,NULL,NULL,NULL,0,NULL,NULL,NULL,NULL,NULL,NULL,NULL,NULL,NULL
462,Lower Head Race,LR-8520,0,0,NULL,1000,750,0,0,NULL,NULL,NULL,NULL,0,NULL,NULL,NULL,NULL,NULL,NULL,NULL,NULL,NULL
463,Lock Washer 4,LW-1000,0,0,NULL,1000,750,0,0,NULL,NULL,NULL,NULL,0,NULL,NULL,NULL,NULL,NULL,NULL,NULL,NULL,NULL
464,Lock Washer 5,LW-1200,0,0,NULL,1000,750,0,0,NULL,NULL,NULL,NULL,0,NULL,NULL,NULL,NULL,NULL,NULL,NULL,NULL,NULL
465,Lock Washer 10,LW-1201,0,0,NULL,1000,750,0,0,NULL,NULL,NULL,NULL,0,NULL,NULL,NULL,NULL,NULL,NULL,NULL,NULL,NULL
466,Lock Washer 6,LW-1400,0,0,NULL,1000,750,0,0,NULL,NULL,NULL,NULL,0,NULL,NULL,NULL,NULL,NULL,NULL,NULL,NULL,NULL
467,Lock Washer 13,LW-3400,0,0,NULL,1000,750,0,0,NULL,NULL,NULL,NULL,0,NULL,NULL,NULL,NULL,NULL,NULL,NULL,NULL,NULL
468,Lock Washer 8,LW-3800,0,0,NULL,1000,750,0,0,NULL,NULL,NULL,NULL,0,NULL,NULL,NULL,NULL,NULL,NULL,NULL,NULL,NULL
469,Lock Washer 1,LW-4000,0,0,NULL,1000,750,0,0,NULL,NULL,NULL,NULL,0,NULL,NULL,NULL,NULL,NULL,NULL,NULL,NULL,NULL
470,Lock Washer 7,LW-5160,0,0,NULL,1000,750,0,0,NULL,NULL,NULL,NULL,0,NULL,NULL,NULL,NULL,NULL,NULL,NULL,NULL,NULL
471,Lock Washer 12,LW-5800,0,0,NULL,1000,750,0,0,NULL,NULL,NULL,NULL,0,NULL,NULL,NULL,NULL,NULL,NULL,NULL,NULL,NULL
472,Lock Washer 2,LW-6000,0,0,NULL,1000,750,0,0,NULL,NULL,NULL,NULL,0,NULL,NULL,NULL,NULL,NULL,NULL,NULL,NULL,NULL
473,Lock Washer 9,LW-7160,0,0,NULL,1000,750,0,0,NULL,NULL,NULL,NULL,0,NULL,NULL,NULL,NULL,NULL,NULL,NULL,NULL,NULL
474,Lock Washer 3,LW-8000,0,0,NULL,1000,750,0,0,NULL,NULL,NULL,NULL,0,NULL,NULL,NULL,NULL,NULL,NULL,NULL,NULL,NULL
475,Lock Washer 11,LW-9160,0,0,NULL,1000,750,0,0,NULL,NULL,NULL,NULL,0,NULL,NULL,NULL,NULL,NULL,NULL,NULL,NULL,NULL
476,Metal Angle,MA-7075,0,0,NULL,1000,750,0,0,NULL,NULL,NULL,NULL,0,NULL,NULL,NULL,NULL,NULL,NULL,NULL,NULL,NULL
477,Metal Bar 1,MB-2024,0,0,NULL,1000,750,0,0,NULL,NULL,NULL,NULL,0,NULL,NULL,NULL,NULL,NULL,NULL,NULL,NULL,NULL
478,Metal Bar 2,MB-6061,0,0,NULL,1000,750,0,0,NULL,NULL,NULL,NULL,0,NULL,NULL,NULL,NULL,NULL,NULL,NULL,NULL,NULL
479,Metal Plate 2,MP-2066,0,0,NULL,1000,750,0,0,NULL,NULL,NULL,NULL,0,NULL,NULL,NULL,NULL,NULL,NULL,NULL,NULL,NULL
480,Metal Plate 1,MP-2503,0,0,NULL,1000,750,0,0,NULL,NULL,NULL,NULL,0,NULL,NULL,NULL,NULL,NULL,NULL,NULL,NULL,NULL
481,Metal Plate 3,MP-4960,0,0,NULL,1000,750,0,0,NULL,NULL,NULL,NULL,0,NULL,NULL,NULL,NULL,NULL,NULL,NULL,NULL,NULL
482,Metal Sheet 2,MS-0253,0,0,NULL,1000,750,0,0,NULL,NULL,NULL,NULL,0,NULL,NULL,NULL,NULL,NULL,NULL,NULL,NULL,NULL
483,Metal Sheet 3,MS-1256,0,0,NULL,1000,750,0,0,NULL,NULL,NULL,NULL,0,NULL,NULL,NULL,NULL,NULL,NULL,NULL,NULL,NULL
484,Metal Sheet 7,MS-1981,0,0,NULL,1000,750,0,0,NULL,NULL,NULL,NULL,0,NULL,NULL,NULL,NULL,NULL,NULL,NULL,NULL,NULL
485,Metal Sheet 4,MS-2259,0,0,NULL,1000,750,0,0,NULL,NULL,NULL,NULL,0,NULL,NULL,NULL,NULL,NULL,NULL,NULL,NULL,NULL
486,Metal Sheet 5,MS-2341,0,0,NULL,1000,750,0,0,NULL,NULL,NULL,NULL,0,NULL,NULL,NULL,NULL,NULL,NULL,NULL,NULL,NULL
487,Metal Sheet 6,MS-2348,0,0,NULL,1000,750,0,0,NULL,NULL,NULL,NULL,0,NULL,NULL,NULL,NULL,NULL,NULL,NULL,NULL,NULL
488,Metal Sheet 1,MS-6061,0,0,NULL,1000,750,0,0,NULL,NULL,NULL,NULL,0,NULL,NULL,NULL,NULL,NULL,NULL,NULL,NULL,NULL
489,Metal Tread Plate,MT-1000,0,0,NULL,1000,750,0,0,NULL,NULL,NULL,NULL,0,NULL,NULL,NULL,NULL,NULL,NULL,NULL,NULL,NULL
490,LL Nipple,NI-4127,0,0,NULL,1000,750,0,0,NULL,NULL,NULL,NULL,0,NULL,L ,NULL,NULL,NULL,NULL,NULL,NULL,NULL
491,HL Nipple,NI-9522,0,0,NULL,1000,750,0,0,NULL,NULL,NULL,NULL,0,NULL,NULL,NULL,NULL,NULL,NULL,NULL,NULL,NULL
492,Paint - Black,PA-187B,0,0,NULL,60,45,0,0,NULL,NULL,NULL,NULL,0,NULL,NULL,NULL,NULL,NULL,NULL,NULL,NULL,NULL
493,Paint - Red,PA-361R,0,0,NULL,60,45,0,0,NULL,NULL,NULL,NULL,0,NULL,NULL,NULL,NULL,NULL,NULL,NULL,NULL,NULL
494,Paint - Silver,PA-529S,0,0,NULL,60,45,0,0,NULL,NULL,NULL,NULL,0,NULL,NULL,NULL,NULL,NULL,NULL,NULL,NULL,NULL
495,Paint - Blue,PA-632U,0,0,NULL,60,45,0,0,NULL,NULL,NULL,NULL,0,NULL,NULL,NULL,NULL,NULL,NULL,NULL,NULL,NULL
496,Paint - Yellow,PA-823Y,0,0,NULL,60,45,0,0,NULL,NULL,NULL,NULL,0,NULL,NULL,NULL,NULL,NULL,NULL,NULL,NULL,NULL
497,Pinch Bolt,PB-6109,0,0,NULL,1000,750,0,0,NULL,NULL,NULL,NULL,0,NULL,NULL,NULL,NULL,NULL,NULL,NULL,NULL,NULL
504,Cup-Shaped Race,RA-2345,0,0,NULL,1000,750,0,0,NULL,NULL,NULL,NULL,0,NULL,NULL,NULL,NULL,NULL,NULL,NULL,NULL,NULL
505,Cone-Shaped Race,RA-7490,0,0,NULL,1000,750,0,0,NULL,NULL,NULL,NULL,0,NULL,NULL,NULL,NULL,NULL,NULL,NULL,NULL,NULL
506,Reflector,RF-9198,0,0,NULL,1000,750,0,0,NULL,NULL,NULL,NULL,0,NULL,NULL,NULL,NULL,NULL,NULL,NULL,NULL,NULL
507,LL Mountain Rim,RM-M464,0,0,NULL,800,600,0,0,NULL,NULL,G  ,435,0,NULL,L ,NULL,NULL,NULL,NULL,NULL,NULL,NULL
508,ML Mountain Rim,RM-M692,0,0,NULL,800,600,0,0,NULL,NULL,G  ,450,0,NULL,M ,NULL,NULL,NULL,NULL,NULL,NULL,NULL
509,HL Mountain Rim,RM-M823,0,0,NULL,800,600,0,0,NULL,NULL,G  ,400,0,NULL,NULL,NULL,NULL,NULL,NULL,NULL,NULL,NULL
510,LL Road Rim,RM-R436,0,0,NULL,800,600,0,0,NULL,NULL,G  ,445,0,NULL,L ,NULL,NULL,NULL,NULL,NULL,NULL,NULL
511,ML Road Rim,RM-R600,0,0,NULL,800,600,0,0,NULL,NULL,G  ,450,0,NULL,M ,NULL,NULL,NULL,NULL,NULL,NULL,NULL
512,HL Road Rim,RM-R800,0,0,NULL,800,600,0,0,NULL,NULL,G  ,400,0,NULL,NULL,NULL,NULL,NULL,NULL,NULL,NULL,NULL
513,Touring Rim,RM-T801,0,0,NULL,800,600,0,0,NULL,NULL,G  ,460,0,NULL,NULL,NULL,NULL,NULL,NULL,NULL,NULL,NULL
514,LL Mountain Seat Assembly,SA-M198,1,0,NULL,500,375,98.77,133.34,NULL,NULL,NULL,NULL,1,NULL,L ,NULL,NULL,NULL,NULL,NULL,NULL,NULL
515,ML Mountain Seat Assembly,SA-M237,1,0,NULL,500,375,108.99,147.14,NULL,NULL,NULL,NULL,1,NULL,M ,NULL,NULL,NULL,NULL,NULL,NULL,NULL
516,HL Mountain Seat Assembly,SA-M687,1,0,NULL,500,375,145.87,196.92,NULL,NULL,NULL,NULL,1,NULL,NULL,NULL,NULL,NULL,NULL,NULL,NULL,NULL
517,LL Road Seat Assembly,SA-R127,1,0,NULL,500,375,98.77,133.34,NULL,NULL,NULL,NULL,1,NULL,L ,NULL,NULL,NULL,NULL,NULL,NULL,NULL
518,ML Road Seat Assembly,SA-R430,1,0,NULL,500,375,108.99,147.14,NULL,NULL,NULL,NULL,1,NULL,M ,NULL,NULL,NULL,NULL,NULL,NULL,NULL
519,HL Road Seat Assembly,SA-R522,1,0,NULL,500,375,145.87,196.92,NULL,NULL,NULL,NULL,1,NULL,NULL,NULL,NULL,NULL,NULL,NULL,NULL,NULL
520,LL Touring Seat Assembly,SA-T467,1,0,NULL,500,375,98.77,133.34,NULL,NULL,NULL,NULL,1,NULL,L ,NULL,NULL,NULL,NULL,NULL,NULL,NULL
521,ML Touring Seat Assembly,SA-T612,1,0,NULL,500,375,108.99,147.14,NULL,NULL,NULL,NULL,1,NULL,M ,NULL,NULL,NULL,NULL,NULL,NULL,NULL
522,HL Touring Seat Assembly,SA-T872,1,0,NULL,500,375,145.87,196.92,NULL,NULL,NULL,NULL,1,NULL,NULL,NULL,NULL,NULL,NULL,NULL,NULL,NULL
523,LL Spindle/Axle,SD-2342,0,0,NULL,500,375,0,0,NULL,NULL,NULL,NULL,0,NULL,L ,NULL,NULL,NULL,NULL,NULL,NULL,NULL
524,HL Spindle/Axle,SD-9872,0,0,NULL,500,375,0,0,NULL,NULL,NULL,NULL,0,NULL,NULL,NULL,NULL,NULL,NULL,NULL,NULL,NULL
525,LL Shell,SH-4562,0,0,NULL,800,600,0,0,NULL,NULL,NULL,NULL,0,NULL,L ,NULL,NULL,NULL,NULL,NULL,NULL,NULL
526,HL Shell,SH-9312,0,0,NULL,800,600,0,0,NULL,NULL,NULL,NULL,0,NULL,NULL,NULL,NULL,NULL,NULL,NULL,NULL,NULL
527,Spokes,SK-9283,0,0,NULL,1000,750,0,0,NULL,NULL,NULL,NULL,0,NULL,NULL,NULL,NULL,NULL,NULL,NULL,NULL,NULL
528,Seat Lug,SL-0931,0,0,NULL,1000,750,0,0,NULL,NULL,NULL,NULL,0,NULL,NULL,NULL,NULL,NULL,NULL,NULL,NULL,NULL
529,Stem,SM-9087,1,0,NULL,500,375,0,0,NULL,NULL,NULL,NULL,1,NULL,NULL,NULL,NULL,NULL,NULL,NULL,NULL,NULL
530,Seat Post,SP-2981,0,0,NULL,500,375,0,0,NULL,NULL,NULL,NULL,0,NULL,NULL,NULL,NULL,NULL,NULL,NULL,NULL,NULL
531,Steerer,SR-2098,1,0,NULL,500,375,0,0,NULL,NULL,NULL,NULL,1,NULL,NULL,NULL,NULL,NULL,NULL,NULL,NULL,NULL
532,Seat Stays,SS-2985,1,0,NULL,800,600,0,0,NULL,NULL,NULL,NULL,1,NULL,NULL,NULL,NULL,NULL,NULL,NULL,NULL,NULL
533,Seat Tube,ST-9828,1,0,NULL,500,375,0,0,NULL,NULL,NULL,NULL,1,NULL,NULL,NULL,NULL,NULL,NULL,NULL,NULL,NULL
534,Top Tube,TO-2301,1,0,NULL,500,375,0,0,NULL,NULL,NULL,NULL,1,NULL,NULL,NULL,NULL,NULL,NULL,NULL,NULL,NULL
535,Tension Pulley,TP-0923,0,0,NULL,800,600,0,0,NULL,NULL,NULL,NULL,0,NULL,NULL,NULL,NULL,NULL,NULL,NULL,NULL,NULL
679,Rear Derailleur Cage,RC-0291,0,0,Silver,500,375,0,0,NULL,NULL,NULL,NULL,0,NULL,NULL,NULL,NULL,NULL,NULL,NULL,NULL,NULL
680,"HL Road Frame - Black, 58",FR-R92B-58,1,1,Black,500,375,1059.31,1431.5,58,CM ,LB ,2.24,1,R ,H ,U ,14,6,2,Components,NULL,NULL
706,"HL Road Frame - Red, 58",FR-R92R-58,1,1,Red,500,375,1059.31,1431.5,58,CM ,LB ,2.24,1,R ,H ,U ,14,6,2,Components,NULL,NULL
707,"Sport-100 Helmet, Red",HL-U509-R,0,1,Red,4,3,13.0863,34.99,NULL,NULL,NULL,NULL,0,S ,NULL,NULL,31,33,4,Accessories,95223.1798,8.57
708,"Sport-100 Helmet, Black",HL-U509,0,1,Black,4,3,13.0863,34.99,NULL,NULL,NULL,NULL,0,S ,NULL,NULL,31,33,4,Accessories,91561.731,9.06
709,"Mountain Bike Socks, M",SO-B909-M,0,1,White,4,3,3.3963,9.5,M,NULL,NULL,NULL,0,M ,NULL,U ,23,18,3,Clothing,1063.335,0.87
710,"Mountain Bike Socks, L",SO-B909-L,0,1,White,4,3,3.3963,9.5,L,NULL,NULL,NULL,0,M ,NULL,U ,23,18,3,Clothing,250.8,0
711,"Sport-100 Helmet, Blue",HL-U509-B,0,1,Blue,4,3,13.0863,34.99,NULL,NULL,NULL,NULL,0,S ,NULL,NULL,31,33,4,Accessories,93827.8566,9.04
712,AWC Logo Cap,CA-1098,0,1,Multi,4,3,6.9223,8.99,NULL,NULL,NULL,NULL,0,S ,NULL,U ,19,2,3,Clothing,25933.9571,3.6
713,"Long-Sleeve Logo Jersey, S",LJ-0192-S,0,1,Multi,4,3,38.4923,49.99,S,NULL,NULL,NULL,0,S ,NULL,U ,21,11,3,Clothing,21445.71,0
714,"Long-Sleeve Logo Jersey, M",LJ-0192-M,0,1,Multi,4,3,38.4923,49.99,M,NULL,NULL,NULL,0,S ,NULL,U ,21,11,3,Clothing,44799.4295,0.71
715,"Long-Sleeve Logo Jersey, L",LJ-0192-L,0,1,Multi,4,3,38.4923,49.99,L,NULL,NULL,NULL,0,S ,NULL,U ,21,11,3,Clothing,57063.1712,3.47
716,"Long-Sleeve Logo Jersey, XL",LJ-0192-X,0,1,Multi,4,3,38.4923,49.99,XL,NULL,NULL,NULL,0,S ,NULL,U ,21,11,3,Clothing,39989.5456,0.24
717,"HL Road Frame - Red, 62",FR-R92R-62,1,1,Red,500,375,868.6342,1431.5,62,CM ,LB ,2.3,1,R ,H ,U ,14,6,2,Components,177461.0226,0
718,"HL Road Frame - Red, 44",FR-R92R-44,1,1,Red,500,375,868.6342,1431.5,44,CM ,LB ,2.12,1,R ,H ,U ,14,6,2,Components,178108.4195,0
719,"HL Road Frame - Red, 48",FR-R92R-48,1,1,Red,500,375,868.6342,1431.5,48,CM ,LB ,2.16,1,R ,H ,U ,14,6,2,Components,36151.8822,0
720,"HL Road Frame - Red, 52",FR-R92R-52,1,1,Red,500,375,868.6342,1431.5,52,CM ,LB ,2.2,1,R ,H ,U ,14,6,2,Components,NULL,NULL
721,"HL Road Frame - Red, 56",FR-R92R-56,1,1,Red,500,375,868.6342,1431.5,56,CM ,LB ,2.24,1,R ,H ,U ,14,6,2,Components,NULL,NULL
722,"LL Road Frame - Black, 58",FR-R38B-58,1,1,Black,500,375,204.6251,337.22,58,CM ,LB ,2.46,1,R ,L ,U ,14,9,2,Components,73835.8292,0
723,"LL Road Frame - Black, 60",FR-R38B-60,1,1,Black,500,375,204.6251,337.22,60,CM ,LB ,2.48,1,R ,L ,U ,14,9,2,Components,10037.6678,0
724,"LL Road Frame - Black, 62",FR-R38B-62,1,1,Black,500,375,204.6251,337.22,62,CM ,LB ,2.5,1,R ,L ,U ,14,9,2,Components,NULL,NULL
725,"LL Road Frame - Red, 44",FR-R38R-44,1,1,Red,500,375,187.1571,337.22,44,CM ,LB ,2.32,1,R ,L ,U ,14,9,2,Components,72752.4588,0.04
726,"LL Road Frame - Red, 48",FR-R38R-48,1,1,Red,500,375,187.1571,337.22,48,CM ,LB ,2.36,1,R ,L ,U ,14,9,2,Components,56342.7196,0
727,"LL Road Frame - Red, 52",FR-R38R-52,1,1,Red,500,375,187.1571,337.22,52,CM ,LB ,2.4,1,R ,L ,U ,14,9,2,Components,9601.5732,0
728,"LL Road Frame - Red, 58",FR-R38R-58,1,1,Red,500,375,187.1571,337.22,58,CM ,LB ,2.46,1,R ,L ,U ,14,9,2,Components,NULL,NULL
729,"LL Road Frame - Red, 60",FR-R38R-60,1,1,Red,500,375,187.1571,337.22,60,CM ,LB ,2.48,1,R ,L ,U ,14,9,2,Components,73033.8842,0
730,"LL Road Frame - Red, 62",FR-R38R-62,1,1,Red,500,375,187.1571,337.22,62,CM ,LB ,2.5,1,R ,L ,U ,14,9,2,Components,56427.9442,0.02
731,"ML Road Frame - Red, 44",FR-R72R-44,1,1,Red,500,375,352.1394,594.83,44,CM ,LB ,2.22,1,R ,M ,U ,14,16,2,Components,NULL,NULL
732,"ML Road Frame - Red, 48",FR-R72R-48,1,1,Red,500,375,352.1394,594.83,48,CM ,LB ,2.26,1,R ,M ,U ,14,16,2,Components,46396.74,0
733,"ML Road Frame - Red, 52",FR-R72R-52,1,1,Red,500,375,352.1394,594.83,52,CM ,LB ,2.3,1,R ,M ,U ,14,16,2,Components,15703.512,0
734,"ML Road Frame - Red, 58",FR-R72R-58,1,1,Red,500,375,352.1394,594.83,58,CM ,LB ,2.36,1,R ,M ,U ,14,16,2,Components,NULL,NULL
735,"ML Road Frame - Red, 60",FR-R72R-60,1,1,Red,500,375,352.1394,594.83,60,CM ,LB ,2.38,1,R ,M ,U ,14,16,2,Components,NULL,NULL
736,"LL Road Frame - Black, 44",FR-R38B-44,1,1,Black,500,375,204.6251,337.22,44,CM ,LB ,2.32,1,R ,L ,U ,14,9,2,Components,20828.0542,0
737,"LL Road Frame - Black, 48",FR-R38B-48,1,1,Black,500,375,204.6251,337.22,48,CM ,LB ,2.36,1,R ,L ,U ,14,9,2,Components,NULL,NULL
738,"LL Road Frame - Black, 52",FR-R38B-52,1,1,Black,500,375,204.6251,337.22,52,CM ,LB ,2.4,1,R ,L ,U ,14,9,2,Components,113473.8619,0.08
739,"HL Mountain Frame - Silver, 42",FR-M94S-42,1,1,Silver,500,375,747.2002,1364.5,42,CM ,LB ,2.72,1,M ,H ,U ,12,5,2,Components,129550.4214,0
740,"HL Mountain Frame - Silver, 44",FR-M94S-44,1,1,Silver,500,375,706.811,1364.5,44,CM ,LB ,2.76,1,M ,H ,U ,12,5,2,Components,NULL,NULL
741,"HL Mountain Frame - Silver, 48",FR-M94S-52,1,1,Silver,500,375,706.811,1364.5,48,CM ,LB ,2.8,1,M ,H ,U ,12,5,2,Components,76957.8,0
742,"HL Mountain Frame - Silver, 46",FR-M94S-46,1,1,Silver,500,375,747.2002,1364.5,46,CM ,LB ,2.84,1,M ,H ,U ,12,5,2,Components,220775.1349,0
743,"HL Mountain Frame - Black, 42",FR-M94B-42,1,1,Black,500,375,739.041,1349.6,42,CM ,LB ,2.72,1,M ,H ,U ,12,5,2,Components,365603.4304,0
744,"HL Mountain Frame - Black, 44",FR-M94B-44,1,1,Black,500,375,699.0928,1349.6,44,CM ,LB ,2.76,1,M ,H ,U ,12,5,2,Components,10526.88,0
745,"HL Mountain Frame - Black, 48",FR-M94B-48,1,1,Black,500,375,699.0928,1349.6,48,CM ,LB ,2.8,1,M ,H ,U ,12,5,2,Components,61541.76,0
746,"HL Mountain Frame - Black, 46",FR-M94B-46,1,1,Black,500,375,739.041,1349.6,46,CM ,LB ,2.84,1,M ,H ,U ,12,5,2,Components,NULL,NULL
747,"HL Mountain Frame - Black, 38",FR-M94B-38,1,1,Black,500,375,739.041,1349.6,38,CM ,LB ,2.68,2,M ,H ,U ,12,5,2,Components,218953.2468,0
748,"HL Mountain Frame - Silver, 38",FR-M94S-38,1,1,Silver,500,375,747.2002,1364.5,38,CM ,LB ,2.68,2,M ,H ,U ,12,5,2,Components,377340.6571,0.02
749,"Road-150 Red, 62",BK-R93R-62,1,1,Red,100,75,2171.2942,3578.27,62,CM ,LB ,15,4,R ,H ,U ,2,25,1,Bikes,1489991.628,0
750,"Road-150 Red, 44",BK-R93R-44,1,1,Red,100,75,2171.2942,3578.27,44,CM ,LB ,13.77,4,R ,H ,U ,2,25,1,Bikes,1170809.944,0
751,"Road-150 Red, 48",BK-R93R-48,1,1,Red,100,75,2171.2942,3578.27,48,CM ,LB ,14.13,4,R ,H ,U ,2,25,1,Bikes,1360458.254,0
752,"Road-150 Red, 52",BK-R93R-52,1,1,Red,100,75,2171.2942,3578.27,52,CM ,LB ,14.42,4,R ,H ,U ,2,25,1,Bikes,1243806.652,0
753,"Road-150 Red, 56",BK-R93R-56,1,1,Red,100,75,2171.2942,3578.27,56,CM ,LB ,14.68,4,R ,H ,U ,2,25,1,Bikes,1442042.81,0
754,"Road-450 Red, 58",BK-R68R-58,1,1,Red,100,75,884.7083,1457.99,58,CM ,LB ,17.79,4,R ,M ,U ,2,28,1,Bikes,197645.1244,0.04
755,"Road-450 Red, 60",BK-R68R-60,1,1,Red,100,75,884.7083,1457.99,60,CM ,LB ,17.9,4,R ,M ,U ,2,28,1,Bikes,143466.216,0
756,"Road-450 Red, 44",BK-R68R-44,1,1,Red,100,75,884.7083,1457.99,44,CM ,LB ,16.77,4,R ,M ,U ,2,28,1,Bikes,149589.774,0
757,"Road-450 Red, 48",BK-R68R-48,1,1,Red,100,75,884.7083,1457.99,48,CM ,LB ,17.13,4,R ,M ,U ,2,28,1,Bikes,67359.138,0
758,"Road-450 Red, 52",BK-R68R-52,1,1,Red,100,75,884.7083,1457.99,52,CM ,LB ,17.42,4,R ,M ,U ,2,28,1,Bikes,233569.998,0
759,"Road-650 Red, 58",BK-R50R-58,1,1,Red,100,75,486.7066,782.99,58,CM ,LB ,19.79,4,R ,L ,U ,2,30,1,Bikes,150289.3353,0
760,"Road-650 Red, 60",BK-R50R-60,1,1,Red,100,75,486.7066,782.99,60,CM ,LB ,19.9,4,R ,L ,U ,2,30,1,Bikes,321139.4258,0.68
761,"Road-650 Red, 62",BK-R50R-62,1,1,Red,100,75,486.7066,782.99,62,CM ,LB ,20,4,R ,L ,U ,2,30,1,Bikes,310785.5027,0.3
762,"Road-650 Red, 44",BK-R50R-44,1,1,Red,100,75,486.7066,782.99,44,CM ,LB ,18.77,4,R ,L ,U ,2,30,1,Bikes,316803.3389,18.8
763,"Road-650 Red, 48",BK-R50R-48,1,1,Red,100,75,486.7066,782.99,48,CM ,LB ,19.13,4,R ,L ,U ,2,30,1,Bikes,319081.841,0.33
764,"Road-650 Red, 52",BK-R50R-52,1,1,Red,100,75,486.7066,782.99,52,CM ,LB ,19.42,4,R ,L ,U ,2,30,1,Bikes,216183.5342,0
765,"Road-650 Black, 58",BK-R50B-58,1,1,Black,100,75,486.7066,782.99,58,CM ,LB ,19.79,4,R ,L ,U ,2,30,1,Bikes,312613.2249,0.23
766,"Road-650 Black, 60",BK-R50B-60,1,1,Black,100,75,486.7066,782.99,60,CM ,LB ,19.9,4,R ,L ,U ,2,30,1,Bikes,229439.5547,0.02
767,"Road-650 Black, 62",BK-R50B-62,1,1,Black,100,75,486.7066,782.99,62,CM ,LB ,20,4,R ,L ,U ,2,30,1,Bikes,151681.9385,0
768,"Road-650 Black, 44",BK-R50B-44,1,1,Black,100,75,486.7066,782.99,44,CM ,LB ,18.77,4,R ,L ,U ,2,30,1,Bikes,217180.1686,0.02
769,"Road-650 Black, 48",BK-R50B-48,1,1,Black,100,75,486.7066,782.99,48,CM ,LB ,19.13,4,R ,L ,U ,2,30,1,Bikes,150377.7008,0
770,"Road-650 Black, 52",BK-R50B-52,1,1,Black,100,75,486.7066,782.99,52,CM ,LB ,19.42,4,R ,L ,U ,2,30,1,Bikes,341843.9186,0.74
771,"Mountain-100 Silver, 38",BK-M82S-38,1,1,Silver,100,75,1912.1544,3399.99,38,CM ,LB ,20.35,4,M ,H ,U ,1,19,1,Bikes,547908.3885,6.65
772,"Mountain-100 Silver, 42",BK-M82S-42,1,1,Silver,100,75,1912.1544,3399.99,42,CM ,LB ,20.77,4,M ,H ,U ,1,19,1,Bikes,488850.5622,5.62
773,"Mountain-100 Silver, 44",BK-M82S-44,1,1,Silver,100,75,1912.1544,3399.99,44,CM ,LB ,21.13,4,M ,H ,U ,1,19,1,Bikes,519212.4729,6.69
774,"Mountain-100 Silver, 48",BK-M82S-48,1,1,Silver,100,75,1912.1544,3399.99,48,CM ,LB ,21.42,4,M ,H ,U ,1,19,1,Bikes,448458.681,4.9
775,"Mountain-100 Black, 38",BK-M82B-38,1,1,Black,100,75,1898.0944,3374.99,38,CM ,LB ,20.35,4,M ,H ,U ,1,19,1,Bikes,519714.7101,6.01
776,"Mountain-100 Black, 42",BK-M82B-42,1,1,Black,100,75,1898.0944,3374.99,42,CM ,LB ,20.77,4,M ,H ,U ,1,19,1,Bikes,501118.5152,6.32
777,"Mountain-100 Black, 44",BK-M82B-44,1,1,Black,100,75,1898.0944,3374.99,44,CM ,LB ,21.13,4,M ,H ,U ,1,19,1,Bikes,554375.8574,4.94
778,"Mountain-100 Black, 48",BK-M82B-48,1,1,Black,100,75,1898.0944,3374.99,48,CM ,LB ,21.42,4,M ,H ,U ,1,19,1,Bikes,545398.384,7
779,"Mountain-200 Silver, 38",BK-M68S-38,1,1,Silver,100,75,1265.6195,2319.99,38,CM ,LB ,23.35,4,M ,H ,U ,1,20,1,Bikes,1990662.445,0.18
780,"Mountain-200 Silver, 42",BK-M68S-42,1,1,Silver,100,75,1265.6195,2319.99,42,CM ,LB ,23.77,4,M ,H ,U ,1,20,1,Bikes,1884496.388,0.17
781,"Mountain-200 Silver, 46",BK-M68S-46,1,1,Silver,100,75,1265.6195,2319.99,46,CM ,LB ,24.13,4,M ,H ,U ,1,20,1,Bikes,1919478.523,0.12
782,"Mountain-200 Black, 38",BK-M68B-38,1,1,Black,100,75,1251.9813,2294.99,38,CM ,LB ,23.35,4,M ,H ,U ,1,20,1,Bikes,2166145.971,0.31
783,"Mountain-200 Black, 42",BK-M68B-42,1,1,Black,100,75,1251.9813,2294.99,42,CM ,LB ,23.77,4,M ,H ,U ,1,20,1,Bikes,2090728.502,0.27
784,"Mountain-200 Black, 46",BK-M68B-46,1,1,Black,100,75,1251.9813,2294.99,46,CM ,LB ,24.13,4,M ,H ,U ,1,20,1,Bikes,1944554.854,0.1
785,"Mountain-300 Black, 38",BK-M47B-38,1,1,Black,100,75,598.4354,1079.99,38,CM ,LB ,25.35,4,M ,M ,U ,1,21,1,Bikes,142515.4804,0.04
786,"Mountain-300 Black, 40",BK-M47B-40,1,1,Black,100,75,598.4354,1079.99,40,CM ,LB ,25.77,4,M ,M ,U ,1,21,1,Bikes,144437.8626,0.06
787,"Mountain-300 Black, 44",BK-M47B-44,1,1,Black,100,75,598.4354,1079.99,44,CM ,LB ,26.13,4,M ,M ,U ,1,21,1,Bikes,147742.632,0
788,"Mountain-300 Black, 48",BK-M47B-48,1,1,Black,100,75,598.4354,1079.99,48,CM ,LB ,26.42,4,M ,M ,U ,1,21,1,Bikes,144481.0622,0.02
789,"Road-250 Red, 44",BK-R89R-44,1,1,Red,100,75,1518.7864,2443.35,44,CM ,LB ,14.77,4,R ,H ,U ,2,26,1,Bikes,674144.6985,0.09
790,"Road-250 Red, 48",BK-R89R-48,1,1,Red,100,75,1518.7864,2443.35,48,CM ,LB ,15.13,4,R ,H ,U ,2,26,1,Bikes,711259.185,0.02
791,"Road-250 Red, 52",BK-R89R-52,1,1,Red,100,75,1518.7864,2443.35,52,CM ,LB ,15.42,4,R ,H ,U ,2,26,1,Bikes,590313.36,0
792,"Road-250 Red, 58",BK-R89R-58,1,1,Red,100,75,1554.9479,2443.35,58,CM ,LB ,15.79,4,R ,H ,U ,2,26,1,Bikes,1007567.73,0
793,"Road-250 Black, 44",BK-R89B-44,1,1,Black,100,75,1554.9479,2443.35,44,CM ,LB ,14.77,4,R ,H ,U ,2,26,1,Bikes,1230322.714,0.1
794,"Road-250 Black, 48",BK-R89B-48,1,1,Black,100,75,1554.9479,2443.35,48,CM ,LB ,15.13,4,R ,H ,U ,2,26,1,Bikes,1265056.679,0.04
795,"Road-250 Black, 52",BK-R89B-52,1,1,Black,100,75,1554.9479,2443.35,52,CM ,LB ,15.42,4,R ,H ,U ,2,26,1,Bikes,1216456.703,0
796,"Road-250 Black, 58",BK-R89B-58,1,1,Black,100,75,1554.9479,2443.35,58,CM ,LB ,15.68,4,R ,H ,U ,2,26,1,Bikes,921858.5025,0
797,"Road-550-W Yellow, 38",BK-R64Y-38,1,1,Yellow,100,75,713.0798,1120.49,38,CM ,LB ,17.35,4,R ,M ,W ,2,29,1,Bikes,583728.8698,0.06
798,"Road-550-W Yellow, 40",BK-R64Y-40,1,1,Yellow,100,75,713.0798,1120.49,40,CM ,LB ,17.77,4,R ,M ,W ,2,29,1,Bikes,557245.2882,0.02
799,"Road-550-W Yellow, 42",BK-R64Y-42,1,1,Yellow,100,75,713.0798,1120.49,42,CM ,LB ,18.13,4,R ,M ,W ,2,29,1,Bikes,551761.29,0
800,"Road-550-W Yellow, 44",BK-R64Y-44,1,1,Yellow,100,75,713.0798,1120.49,44,CM ,LB ,18.42,4,R ,M ,W ,2,29,1,Bikes,444322.306,0
801,"Road-550-W Yellow, 48",BK-R64Y-48,1,1,Yellow,100,75,713.0798,1120.49,48,CM ,LB ,18.68,4,R ,M ,W ,2,29,1,Bikes,578883.9511,0.17
802,LL Fork,FK-1639,1,1,NULL,500,375,65.8097,148.22,NULL,NULL,NULL,NULL,1,NULL,L ,NULL,10,104,2,Components,7381.356,0
803,ML Fork,FK-5136,1,1,NULL,500,375,77.9176,175.49,NULL,NULL,NULL,NULL,1,NULL,M ,NULL,10,105,2,Components,NULL,NULL
804,HL Fork,FK-9939,1,1,NULL,500,375,101.8936,229.49,NULL,NULL,NULL,NULL,1,NULL,H ,NULL,10,106,2,Components,16105.6082,0.02
805,LL Headset,HS-0296,1,1,NULL,500,375,15.1848,34.2,NULL,NULL,NULL,NULL,1,NULL,L ,NULL,11,59,2,Components,943.92,0
806,ML Headset,HS-2451,1,1,NULL,500,375,45.4168,102.29,NULL,NULL,NULL,NULL,1,NULL,M ,NULL,11,60,2,Components,6726.5904,0.24
807,HL Headset,HS-3479,1,1,NULL,500,375,55.3801,124.73,NULL,NULL,NULL,NULL,1,NULL,H ,NULL,11,61,2,Components,8232.18,0
808,LL Mountain Handlebars,HB-M243,1,1,NULL,500,375,19.7758,44.54,NULL,NULL,NULL,NULL,1,M ,L ,NULL,4,52,2,Components,7697.3559,0.09
809,ML Mountain Handlebars,HB-M763,1,1,NULL,500,375,27.4925,61.92,NULL,NULL,NULL,NULL,1,M ,M ,NULL,4,54,2,Components,17970.0731,0.08
810,HL Mountain Handlebars,HB-M918,1,1,NULL,500,375,53.3999,120.27,NULL,NULL,NULL,NULL,1,M ,H ,NULL,4,55,2,Components,14871.9302,0
811,LL Road Handlebars,HB-R504,1,1,NULL,500,375,19.7758,44.54,NULL,NULL,NULL,NULL,1,R ,L ,NULL,4,56,2,Components,2509.6245,0
812,ML Road Handlebars,HB-R720,1,1,NULL,500,375,27.4925,61.92,NULL,NULL,NULL,NULL,1,R ,M ,NULL,4,57,2,Components,NULL,NULL
813,HL Road Handlebars,HB-R956,1,1,NULL,500,375,53.3999,120.27,NULL,NULL,NULL,NULL,1,R ,H ,NULL,4,58,2,Components,18611.2334,0
814,"ML Mountain Frame - Black, 38",FR-M63B-38,1,1,Black,500,375,185.8193,348.76,38,CM ,LB ,2.73,2,M ,M ,U ,12,15,2,Components,47291.856,0
815,LL Mountain Front Wheel,FW-M423,1,1,Black,500,375,26.9708,60.745,NULL,NULL,NULL,NULL,1,M ,L ,NULL,17,42,2,Components,8454.4891,0.02
816,ML Mountain Front Wheel,FW-M762,1,1,Black,500,375,92.8071,209.025,NULL,NULL,NULL,NULL,1,M ,M ,NULL,17,45,2,Components,14297.31,0
817,HL Mountain Front Wheel,FW-M928,1,1,Black,500,375,133.2955,300.215,NULL,NULL,NULL,NULL,1,M ,H ,NULL,17,46,2,Components,18733.416,0
818,LL Road Front Wheel,FW-R623,1,1,Black,500,375,37.9909,85.565,NULL,NULL,G  ,900,1,R ,L ,NULL,17,49,2,Components,NULL,NULL
819,ML Road Front Wheel,FW-R762,1,1,Black,500,375,110.2829,248.385,NULL,NULL,G  ,850,1,R ,M ,NULL,17,50,2,Components,29095.8189,0
820,HL Road Front Wheel,FW-R820,1,1,Black,500,375,146.5466,330.06,NULL,NULL,G  ,650,1,R ,H ,NULL,17,51,2,Components,40795.416,0
821,Touring Front Wheel,FW-T905,1,1,Black,500,375,96.7964,218.01,NULL,NULL,NULL,NULL,1,T ,NULL,NULL,17,44,2,Components,NULL,NULL
822,"ML Road Frame-W - Yellow, 38",FR-R72Y-38,1,1,Yellow,500,375,360.9428,594.83,38,CM ,LB ,2.18,2,R ,M ,W ,14,17,2,Components,121085.7528,0
823,LL Mountain Rear Wheel,RW-M423,1,1,Black,500,375,38.9588,87.745,NULL,NULL,NULL,NULL,1,M ,L ,NULL,17,123,2,Components,7791.756,0
824,ML Mountain Rear Wheel,RW-M762,1,1,Black,500,375,104.7951,236.025,NULL,NULL,NULL,NULL,1,M ,M ,NULL,17,124,2,Components,37525.6148,0.15
825,HL Mountain Rear Wheel,RW-M928,1,1,Black,500,375,145.2835,327.215,NULL,NULL,NULL,NULL,1,M ,H ,NULL,17,125,2,Components,50610.3441,0.13
826,LL Road Rear Wheel,RW-R623,1,1,Black,500,375,49.9789,112.565,NULL,NULL,G  ,1050,1,R ,L ,NULL,17,126,2,Components,20630.9132,0
827,ML Road Rear Wheel,RW-R762,1,1,Black,500,375,122.2709,275.385,NULL,NULL,G  ,1000,1,R ,M ,NULL,17,77,2,Components,5122.161,0
828,HL Road Rear Wheel,RW-R820,1,1,Black,500,375,158.5346,357.06,NULL,NULL,G  ,890,1,R ,H ,NULL,17,78,2,Components,9904.8444,0
829,Touring Rear Wheel,RW-T905,1,1,Black,500,375,108.7844,245.01,NULL,NULL,NULL,NULL,1,T ,NULL,NULL,17,43,2,Components,NULL,NULL
830,"ML Mountain Frame - Black, 40",FR-M63B-40,1,1,Black,500,375,185.8193,348.76,40,CM ,LB ,2.77,1,M ,M ,U ,12,14,2,Components,6905.448,0
831,"ML Mountain Frame - Black, 44",FR-M63B-44,1,1,Black,500,375,185.8193,348.76,44,CM ,LB ,2.81,1,M ,M ,U ,12,14,2,Components,41432.688,0
832,"ML Mountain Frame - Black, 48",FR-M63B-48,1,1,Black,500,375,185.8193,348.76,48,CM ,LB ,2.85,1,M ,M ,U ,12,14,2,Components,53597.4368,0.06
833,"ML Road Frame-W - Yellow, 40",FR-R72Y-40,1,1,Yellow,500,375,360.9428,594.83,40,CM ,LB ,2.22,1,R ,M ,W ,14,17,2,Components,29557.6419,0
834,"ML Road Frame-W - Yellow, 42",FR-R72Y-42,1,1,Yellow,500,375,360.9428,594.83,42,CM ,LB ,2.26,1,R ,M ,W ,14,17,2,Components,NULL,NULL
835,"ML Road Frame-W - Yellow, 44",FR-R72Y-44,1,1,Yellow,500,375,360.9428,594.83,44,CM ,LB ,2.3,1,R ,M ,W ,14,17,2,Components,165949.4515,0.07
836,"ML Road Frame-W - Yellow, 48",FR-R72Y-48,1,1,Yellow,500,375,360.9428,594.83,48,CM ,LB ,2.34,1,R ,M ,W ,14,17,2,Components,118911.9195,0
837,"HL Road Frame - Black, 62",FR-R92B-62,1,1,Black,500,375,868.6342,1431.5,62,CM ,LB ,2.3,1,R ,H ,U ,14,6,2,Components,NULL,NULL
838,"HL Road Frame - Black, 44",FR-R92B-44,1,1,Black,500,375,868.6342,1431.5,44,CM ,LB ,2.12,1,R ,H ,U ,14,6,2,Components,164518.3928,0
839,"HL Road Frame - Black, 48",FR-R92B-48,1,1,Black,500,375,868.6342,1431.5,48,CM ,LB ,2.16,1,R ,H ,U ,14,6,2,Components,38728.5822,0
840,"HL Road Frame - Black, 52",FR-R92B-52,1,1,Black,500,375,868.6342,1431.5,52,CM ,LB ,2.2,1,R ,H ,U ,14,6,2,Components,NULL,NULL
841,"Men's Sports Shorts, S",SH-M897-S,0,1,Black,4,3,24.7459,59.99,S,NULL,NULL,NULL,0,S ,NULL,M ,22,13,3,Clothing,5756.6404,0.04
842,"Touring-Panniers, Large",PA-T100,0,1,Grey,4,3,51.5625,125,NULL,NULL,NULL,NULL,0,T ,NULL,NULL,35,120,4,Accessories,NULL,NULL
843,Cable Lock,LO-C100,0,1,NULL,4,3,10.3125,25,NULL,NULL,NULL,NULL,0,S ,NULL,NULL,34,115,4,Accessories,3896.5,0.14
844,Minipump,PU-0452,0,1,NULL,4,3,8.2459,19.99,NULL,NULL,NULL,NULL,0,S ,NULL,NULL,36,116,4,Accessories,3200.399,0.1
845,Mountain Pump,PU-M044,0,1,NULL,4,3,10.3084,24.99,NULL,NULL,NULL,NULL,0,M ,NULL,NULL,36,117,4,Accessories,NULL,NULL
846,Taillights - Battery-Powered,LT-T990,0,1,NULL,4,3,5.7709,13.99,NULL,NULL,NULL,NULL,0,R ,NULL,NULL,33,108,4,Accessories,NULL,NULL
847,Headlights - Dual-Beam,LT-H902,0,1,NULL,4,3,14.4334,34.99,NULL,NULL,NULL,NULL,0,R ,NULL,NULL,33,109,4,Accessories,NULL,NULL
848,Headlights - Weatherproof,LT-H903,0,1,NULL,4,3,18.5584,44.99,NULL,NULL,NULL,NULL,0,R ,NULL,NULL,33,110,4,Accessories,NULL,NULL
849,"Men's Sports Shorts, M",SH-M897-M,0,1,Black,4,3,24.7459,59.99,M,NULL,NULL,NULL,0,S ,NULL,M ,22,13,3,Clothing,10173.7041,0.26
850,"Men's Sports Shorts, L",SH-M897-L,0,1,Black,4,3,24.7459,59.99,L,NULL,NULL,NULL,0,S ,NULL,M ,22,13,3,Clothing,4715.214,0
851,"Men's Sports Shorts, XL",SH-M897-X,0,1,Black,4,3,24.7459,59.99,XL,NULL,NULL,NULL,0,S ,NULL,M ,22,13,3,Clothing,NULL,NULL
852,"Women's Tights, S",TG-W091-S,0,1,Black,4,3,30.9334,74.99,S,NULL,NULL,NULL,0,S ,NULL,W ,24,38,3,Clothing,18922.9766,1.06
853,"Women's Tights, M",TG-W091-M,0,1,Black,4,3,30.9334,74.99,M,NULL,NULL,NULL,0,S ,NULL,W ,24,38,3,Clothing,5129.316,0
854,"Women's Tights, L",TG-W091-L,0,1,Black,4,3,30.9334,74.99,L,NULL,NULL,NULL,0,S ,NULL,W ,24,38,3,Clothing,19791.3608,0.88
855,"Men's Bib-Shorts, S",SB-M891-S,0,1,Multi,4,3,37.1209,89.99,S,NULL,NULL,NULL,0,S ,NULL,M ,18,12,3,Clothing,12476.2136,0.06
856,"Men's Bib-Shorts, M",SB-M891-M,0,1,Multi,4,3,37.1209,89.99,M,NULL,NULL,NULL,0,S ,NULL,M ,18,12,3,Clothing,19029.2854,0.54
857,"Men's Bib-Shorts, L",SB-M891-L,0,1,Multi,4,3,37.1209,89.99,L,NULL,NULL,NULL,0,S ,NULL,M ,18,12,3,Clothing,9610.932,0
858,"Half-Finger Gloves, S",GL-H102-S,0,1,Black,4,3,9.1593,24.49,S,NULL,NULL,NULL,0,S ,NULL,U ,20,4,3,Clothing,17664.0421,0.31
859,"Half-Finger Gloves, M",GL-H102-M,0,1,Black,4,3,9.1593,24.49,M,NULL,NULL,NULL,0,S ,NULL,U ,20,4,3,Clothing,20672.1546,1.17
860,"Half-Finger Gloves, L",GL-H102-L,0,1,Black,4,3,9.1593,24.49,L,NULL,NULL,NULL,0,S ,NULL,U ,20,4,3,Clothing,14173.3855,0.02
861,"Full-Finger Gloves, S",GL-F110-S,0,1,Black,4,3,15.6709,37.99,S,NULL,NULL,NULL,0,M ,NULL,U ,20,3,3,Clothing,5478.158,0
862,"Full-Finger Gloves, M",GL-F110-M,0,1,Black,4,3,15.6709,37.99,M,NULL,NULL,NULL,0,M ,NULL,U ,20,3,3,Clothing,8114.664,2
863,"Full-Finger Gloves, L",GL-F110-L,0,1,Black,4,3,15.6709,37.99,L,NULL,NULL,NULL,0,M ,NULL,U ,20,3,3,Clothing,8100.6077,5.32
864,"Classic Vest, S",VE-C304-S,0,1,Blue,4,3,23.749,63.5,S,NULL,NULL,NULL,0,S ,NULL,U ,25,1,3,Clothing,29917.39,5.26
865,"Classic Vest, M",VE-C304-M,0,1,Blue,4,3,23.749,63.5,M,NULL,NULL,NULL,0,S ,NULL,U ,25,1,3,Clothing,26119.455,1.27
866,"Classic Vest, L",VE-C304-L,0,1,Blue,4,3,23.749,63.5,L,NULL,NULL,NULL,0,S ,NULL,U ,25,1,3,Clothing,12611.1,0
867,"Women's Mountain Shorts, S",SH-W890-S,0,1,Black,4,3,26.1763,69.99,S,NULL,NULL,NULL,0,M ,NULL,W ,22,37,3,Clothing,35414.94,4.4
868,"Women's Mountain Shorts, M",SH-W890-M,0,1,Black,4,3,26.1763,69.99,M,NULL,NULL,NULL,0,M ,NULL,W ,22,37,3,Clothing,38452.506,0
869,"Women's Mountain Shorts, L",SH-W890-L,0,1,Black,4,3,26.1763,69.99,L,NULL,NULL,NULL,0,M ,NULL,W ,22,37,3,Clothing,39566.0469,4.09
870,Water Bottle - 30 oz.,WB-H098,0,1,NULL,4,3,1.8663,4.99,NULL,NULL,NULL,NULL,0,S ,NULL,NULL,28,111,4,Accessories,22498.0138,1.78
871,Mountain Bottle Cage,BC-M005,0,1,NULL,4,3,3.7363,9.99,NULL,NULL,NULL,NULL,0,M ,NULL,NULL,28,112,4,Accessories,20229.75,0
872,Road Bottle Cage,BC-R205,0,1,NULL,4,3,3.3623,8.99,NULL,NULL,NULL,NULL,0,R ,NULL,NULL,28,113,4,Accessories,15390.88,0
873,Patch Kit/8 Patches,PK-7098,0,1,NULL,4,3,0.8565,2.29,NULL,NULL,NULL,NULL,0,S ,NULL,NULL,37,114,4,Accessories,7531.3062,0.02
874,"Racing Socks, M",SO-R809-M,0,1,White,4,3,3.3623,8.99,M,NULL,NULL,NULL,0,R ,NULL,U ,23,24,3,Clothing,4268.8116,0.16
875,"Racing Socks, L",SO-R809-L,0,1,White,4,3,3.3623,8.99,L,NULL,NULL,NULL,0,R ,NULL,U ,23,24,3,Clothing,4209.7473,2.13
876,Hitch Rack - 4-Bike,RA-H123,0,1,NULL,4,3,44.88,120,NULL,NULL,NULL,NULL,0,S ,NULL,NULL,26,118,4,Accessories,72805.2,2.09
877,Bike Wash - Dissolver,CL-9009,0,1,NULL,4,3,2.9733,7.95,NULL,NULL,NULL,NULL,0,S ,NULL,NULL,29,119,4,Accessories,9204.2715,1.63
878,Fender Set - Mountain,FE-6654,0,1,NULL,4,3,8.2205,21.98,NULL,NULL,NULL,NULL,0,M ,NULL,NULL,30,121,4,Accessories,46619.58,0
879,All-Purpose Bike Stand,ST-1401,0,1,NULL,4,3,59.466,159,NULL,NULL,NULL,NULL,0,M ,NULL,NULL,27,122,4,Accessories,39591,0
880,Hydration Pack - 70 oz.,HY-1023-70,0,1,Silver,4,3,20.5663,54.99,70,NULL,NULL,NULL,0,S ,NULL,NULL,32,107,4,Accessories,51495.3855,1.15
881,"Short-Sleeve Classic Jersey, S",SJ-0194-S,0,1,Yellow,4,3,41.5723,53.99,S,NULL,NULL,NULL,0,S ,NULL,U ,21,32,3,Clothing,31970.7184,0.44
882,"Short-Sleeve Classic Jersey, M",SJ-0194-M,0,1,Yellow,4,3,41.5723,53.99,M,NULL,NULL,NULL,0,S ,NULL,U ,21,32,3,Clothing,21973.93,0
883,"Short-Sleeve Classic Jersey, L",SJ-0194-L,0,1,Yellow,4,3,41.5723,53.99,L,NULL,NULL,NULL,0,S ,NULL,U ,21,32,3,Clothing,34072.0092,1.52
884,"Short-Sleeve Classic Jersey, XL",SJ-0194-X,0,1,Yellow,4,3,41.5723,53.99,XL,NULL,NULL,NULL,0,S ,NULL,U ,21,32,3,Clothing,37925.8154,3.54
885,"HL Touring Frame - Yellow, 60",FR-T98Y-60,1,1,Yellow,500,375,601.7437,1003.91,60,CM ,LB ,3.08,1,T ,H ,U ,16,7,2,Components,81276.5536,0.04
886,"LL Touring Frame - Yellow, 62",FR-T67Y-62,1,1,Yellow,500,375,199.8519,333.42,62,CM ,LB ,3.2,1,T ,L ,U ,16,10,2,Components,25990.089,0.05
887,"HL Touring Frame - Yellow, 46",FR-T98Y-46,1,1,Yellow,500,375,601.7437,1003.91,46,CM ,LB ,2.96,1,T ,H ,U ,16,7,2,Components,24696.186,0
888,"HL Touring Frame - Yellow, 50",FR-T98Y-50,1,1,Yellow,500,375,601.7437,1003.91,50,CM ,LB ,3,1,T ,H ,U ,16,7,2,Components,23491.494,0
889,"HL Touring Frame - Yellow, 54",FR-T98Y-54,1,1,Yellow,500,375,601.7437,1003.91,54,CM ,LB ,3.04,1,T ,H ,U ,16,7,2,Components,96877.315,0.1
890,"HL Touring Frame - Blue, 46",FR-T98U-46,1,1,Blue,500,375,601.7437,1003.91,46,CM ,LB ,2.96,1,T ,H ,U ,16,7,2,Components,34936.068,0
891,"HL Touring Frame - Blue, 50",FR-T98U-50,1,1,Blue,500,375,601.7437,1003.91,50,CM ,LB ,3,1,T ,H ,U ,16,7,2,Components,34936.068,0
892,"HL Touring Frame - Blue, 54",FR-T98U-54,1,1,Blue,500,375,601.7437,1003.91,54,CM ,LB ,3.04,1,T ,H ,U ,16,7,2,Components,101726.2003,0.07
893,"HL Touring Frame - Blue, 60",FR-T98U-60,1,1,Blue,500,375,601.7437,1003.91,60,CM ,LB ,3.08,1,T ,H ,U ,16,7,2,Components,84258.1663,0.07
894,Rear Derailleur,RD-2308,1,1,Silver,500,375,53.9282,121.46,NULL,NULL,G  ,215,1,NULL,NULL,NULL,9,127,2,Components,10567.02,0
895,"LL Touring Frame - Blue, 50",FR-T67U-50,1,1,Blue,500,375,199.8519,333.42,50,CM ,LB ,3.1,1,T ,L ,U ,16,10,2,Components,25206.552,0
896,"LL Touring Frame - Blue, 54",FR-T67U-54,1,1,Blue,500,375,199.8519,333.42,54,CM ,LB ,3.14,1,T ,L ,U ,16,10,2,Components,19805.148,0
897,"LL Touring Frame - Blue, 58",FR-T67U-58,1,1,Blue,500,375,199.8519,333.42,58,CM ,LB ,3.16,1,T ,L ,U ,16,10,2,Components,400.104,0
898,"LL Touring Frame - Blue, 62",FR-T67U-62,1,1,Blue,500,375,199.8519,333.42,62,CM ,LB ,3.2,1,T ,L ,U ,16,10,2,Components,1800.468,0
899,"LL Touring Frame - Yellow, 44",FR-T67Y-44,1,1,Yellow,500,375,199.8519,333.42,44,CM ,LB ,3.02,1,T ,L ,U ,16,10,2,Components,23399.4156,0.02
900,"LL Touring Frame - Yellow, 50",FR-T67Y-50,1,1,Yellow,500,375,199.8519,333.42,50,CM ,LB ,3.1,1,T ,L ,U ,16,10,2,Components,22005.72,0
901,"LL Touring Frame - Yellow, 54",FR-T67Y-54,1,1,Yellow,500,375,199.8519,333.42,54,CM ,LB ,3.14,1,T ,L ,U ,16,10,2,Components,NULL,NULL
902,"LL Touring Frame - Yellow, 58",FR-T67Y-58,1,1,Yellow,500,375,199.8519,333.42,58,CM ,LB ,3.16,1,T ,L ,U ,16,10,2,Components,4001.04,0
903,"LL Touring Frame - Blue, 44",FR-T67U-44,1,1,Blue,500,375,199.8519,333.42,44,CM ,LB ,3.02,1,T ,L ,U ,16,10,2,Components,2800.728,0
904,"ML Mountain Frame-W - Silver, 40",FR-M63S-40,1,1,Silver,500,375,199.3757,364.09,40,CM ,LB ,2.77,1,M ,M ,W ,12,15,2,Components,55239.7348,0.08
905,"ML Mountain Frame-W - Silver, 42",FR-M63S-42,1,1,Silver,500,375,199.3757,364.09,42,CM ,LB ,2.81,1,M ,M ,W ,12,15,2,Components,50244.42,0
906,"ML Mountain Frame-W - Silver, 46",FR-M63S-46,1,1,Silver,500,375,199.3757,364.09,46,CM ,LB ,2.85,1,M ,M ,W ,12,15,2,Components,19005.498,0
907,Rear Brakes,RB-9231,0,1,Silver,500,375,47.286,106.5,NULL,NULL,G  ,317,1,NULL,NULL,NULL,6,128,2,Components,7220.7,0
908,LL Mountain Seat/Saddle,SE-M236,0,1,NULL,500,375,12.0413,27.12,NULL,NULL,NULL,NULL,1,M ,L ,NULL,15,79,2,Components,2489.0736,0.02
909,ML Mountain Seat/Saddle,SE-M798,0,1,NULL,500,375,17.3782,39.14,NULL,NULL,NULL,NULL,1,M ,M ,NULL,15,80,2,Components,3238.4436,0.06
910,HL Mountain Seat/Saddle,SE-M940,0,1,NULL,500,375,23.3722,52.64,NULL,NULL,NULL,NULL,1,M ,H ,NULL,15,81,2,Components,7011.648,0
911,LL Road Seat/Saddle,SE-R581,0,1,NULL,500,375,12.0413,27.12,NULL,NULL,NULL,NULL,1,R ,L ,NULL,15,82,2,Components,97.632,0
912,ML Road Seat/Saddle,SE-R908,0,1,NULL,500,375,17.3782,39.14,NULL,NULL,NULL,NULL,1,T ,M ,NULL,15,83,2,Components,NULL,NULL
913,HL Road Seat/Saddle,SE-R995,0,1,NULL,500,375,23.3722,52.64,NULL,NULL,NULL,NULL,1,R ,H ,NULL,15,84,2,Components,1895.04,0
914,LL Touring Seat/Saddle,SE-T312,0,1,NULL,500,375,12.0413,27.12,NULL,NULL,NULL,NULL,1,T ,L ,NULL,15,66,2,Components,699.696,0
915,ML Touring Seat/Saddle,SE-T762,0,1,NULL,500,375,17.3782,39.14,NULL,NULL,NULL,NULL,1,T ,M ,NULL,15,65,2,Components,962.844,0
916,HL Touring Seat/Saddle,SE-T924,0,1,NULL,500,375,23.3722,52.64,NULL,NULL,NULL,NULL,1,T ,H ,NULL,15,67,2,Components,5590.368,0
917,"LL Mountain Frame - Silver, 42",FR-M21S-42,1,1,Silver,500,375,144.5938,264.05,42,CM ,LB ,2.92,1,M ,L ,U ,12,8,2,Components,35461.915,0.1
918,"LL Mountain Frame - Silver, 44",FR-M21S-44,1,1,Silver,500,375,144.5938,264.05,44,CM ,LB ,2.96,1,M ,L ,U ,12,8,2,Components,25190.37,0
919,"LL Mountain Frame - Silver, 48",FR-M21S-48,1,1,Silver,500,375,144.5938,264.05,48,CM ,LB ,3,1,M ,L ,U ,12,8,2,Components,2534.88,0
920,"LL Mountain Frame - Silver, 52",FR-M21S-52,1,1,Silver,500,375,144.5938,264.05,52,CM ,LB ,3.04,1,M ,L ,U ,12,8,2,Components,25190.37,0
921,Mountain Tire Tube,TT-M928,0,1,NULL,500,375,1.8663,4.99,NULL,NULL,NULL,NULL,0,M ,NULL,NULL,37,92,4,Accessories,15444.05,0
922,Road Tire Tube,TT-R982,0,1,NULL,500,375,1.4923,3.99,NULL,NULL,NULL,NULL,0,R ,NULL,NULL,37,93,4,Accessories,9480.24,0
923,Touring Tire Tube,TT-T092,0,1,NULL,500,375,1.8663,4.99,NULL,NULL,NULL,NULL,0,T ,NULL,NULL,37,94,4,Accessories,7425.12,0
924,"LL Mountain Frame - Black, 42",FR-M21B-42,1,1,Black,500,375,136.785,249.79,42,CM ,LB ,2.92,1,M ,L ,U ,12,8,2,Components,24279.588,0
925,"LL Mountain Frame - Black, 44",FR-M21B-44,1,1,Black,500,375,136.785,249.79,44,CM ,LB ,2.96,1,M ,L ,U ,12,8,2,Components,34016.4022,0.02
926,"LL Mountain Frame - Black, 48",FR-M21B-48,1,1,Black,500,375,136.785,249.79,48,CM ,LB ,3,1,M ,L ,U ,12,8,2,Components,24579.336,0
927,"LL Mountain Frame - Black, 52",FR-M21B-52,1,1,Black,500,375,136.785,249.79,52,CM ,LB ,3.04,1,M ,L ,U ,12,8,2,Components,1348.866,0
928,LL Mountain Tire,TI-M267,0,1,NULL,500,375,9.3463,24.99,NULL,NULL,NULL,NULL,0,M ,L ,NULL,37,85,4,Accessories,21541.38,0
929,ML Mountain Tire,TI-M602,0,1,NULL,500,375,11.2163,29.99,NULL,NULL,NULL,NULL,0,M ,M ,NULL,37,86,4,Accessories,34818.39,0
930,HL Mountain Tire,TI-M823,0,1,NULL,500,375,13.09,35,NULL,NULL,NULL,NULL,0,M ,H ,NULL,37,87,4,Accessories,48860,0
931,LL Road Tire,TI-R092,0,1,NULL,500,375,8.0373,21.49,NULL,NULL,NULL,NULL,0,R ,L ,NULL,37,88,4,Accessories,22435.56,0
932,ML Road Tire,TI-R628,0,1,NULL,500,375,9.3463,24.99,NULL,NULL,NULL,NULL,0,R ,M ,NULL,37,89,4,Accessories,23140.74,0
933,HL Road Tire,TI-R982,0,1,NULL,500,375,12.1924,32.6,NULL,NULL,NULL,NULL,0,R ,H ,NULL,37,90,4,Accessories,27970.8,0
934,Touring Tire,TI-T723,0,1,NULL,500,375,10.8423,28.99,NULL,NULL,NULL,NULL,0,T ,NULL,NULL,37,91,4,Accessories,27105.65,0
935,LL Mountain Pedal,PD-M282,0,1,Silver/Black,500,375,17.9776,40.49,NULL,NULL,G  ,218,1,M ,L ,NULL,13,62,2,Components,4737.33,0
936,ML Mountain Pedal,PD-M340,0,1,Silver/Black,500,375,27.568,62.09,NULL,NULL,G  ,215,1,M ,M ,NULL,13,63,2,Components,5886.132,0
937,HL Mountain Pedal,PD-M562,0,1,Silver/Black,500,375,35.9596,80.99,NULL,NULL,G  ,185,1,M ,H ,NULL,13,64,2,Components,12384.9908,0.08
938,LL Road Pedal,PD-R347,0,1,Silver/Black,500,375,17.9776,40.49,NULL,NULL,G  ,189,1,R ,L ,NULL,13,68,2,Components,7506.846,0
939,ML Road Pedal,PD-R563,0,1,Silver/Black,500,375,27.568,62.09,NULL,NULL,G  ,168,1,R ,M ,NULL,13,69,2,Components,9872.31,0
940,HL Road Pedal,PD-R853,0,1,Silver/Black,500,375,35.9596,80.99,NULL,NULL,G  ,149,1,R ,H ,NULL,13,70,2,Components,12828.816,0
941,Touring Pedal,PD-T852,0,1,Silver/Black,500,375,35.9596,80.99,NULL,NULL,NULL,NULL,1,T ,NULL,NULL,13,53,2,Components,3450.174,0
942,"ML Mountain Frame-W - Silver, 38",FR-M63S-38,1,1,Silver,500,375,199.3757,364.09,38,CM ,LB ,2.73,2,M ,M ,W ,12,15,2,Components,1092.27,0
943,"LL Mountain Frame - Black, 40",FR-M21B-40,1,1,Black,500,375,136.785,249.79,40,CM ,LB ,2.88,2,M ,L ,U ,12,8,2,Components,899.244,0
944,"LL Mountain Frame - Silver, 40",FR-M21S-40,1,1,Silver,500,375,144.5938,264.05,40,CM ,LB ,2.88,2,M ,L ,U ,12,8,2,Components,25977.239,0.02
945,Front Derailleur,FD-2342,1,1,Silver,500,375,40.6216,91.49,NULL,NULL,G  ,88,1,NULL,NULL,NULL,9,103,2,Components,14100.4388,0.08
946,LL Touring Handlebars,HB-T721,1,1,NULL,500,375,20.464,46.09,NULL,NULL,NULL,NULL,1,T ,L ,NULL,4,47,2,Components,829.62,0
947,HL Touring Handlebars,HB-T928,1,1,NULL,500,375,40.6571,91.57,NULL,NULL,NULL,NULL,1,T ,H ,NULL,4,48,2,Components,5988.678,0
948,Front Brakes,FB-9873,0,1,Silver,500,375,47.286,106.5,NULL,NULL,G  ,317,1,NULL,NULL,NULL,6,102,2,Components,16991.01,0.06
949,LL Crankset,CS-4759,1,1,Black,500,375,77.9176,175.49,NULL,NULL,G  ,600,1,NULL,L ,NULL,8,99,2,Components,18531.744,0
950,ML Crankset,CS-6583,1,1,Black,500,375,113.8816,256.49,NULL,NULL,G  ,635,1,NULL,M ,NULL,8,100,2,Components,4309.032,0
951,HL Crankset,CS-9183,1,1,Black,500,375,179.8156,404.99,NULL,NULL,G  ,575,1,NULL,H ,NULL,8,101,2,Components,53199.4864,0.04
952,Chain,CH-0234,0,1,Silver,500,375,8.9866,20.24,NULL,NULL,NULL,NULL,1,NULL,NULL,NULL,7,98,2,Components,3034.7856,0.06
953,"Touring-2000 Blue, 60",BK-T44U-60,1,1,Blue,100,75,755.1508,1214.85,60,CM ,LB ,27.9,4,T ,M ,U ,3,35,1,Bikes,291491.109,0.06
954,"Touring-1000 Yellow, 46",BK-T79Y-46,1,1,Yellow,100,75,1481.9379,2384.07,46,CM ,LB ,25.13,4,T ,H ,U ,3,34,1,Bikes,759707.7462,14.14
955,"Touring-1000 Yellow, 50",BK-T79Y-50,1,1,Yellow,100,75,1481.9379,2384.07,50,CM ,LB ,25.42,4,T ,H ,U ,3,34,1,Bikes,608891.478,10.2
956,"Touring-1000 Yellow, 54",BK-T79Y-54,1,1,Yellow,100,75,1481.9379,2384.07,54,CM ,LB ,25.68,4,T ,H ,U ,3,34,1,Bikes,519727.26,7.8
957,"Touring-1000 Yellow, 60",BK-T79Y-60,1,1,Yellow,100,75,1481.9379,2384.07,60,CM ,LB ,25.9,4,T ,H ,U ,3,34,1,Bikes,718511.0166,14.42
958,"Touring-3000 Blue, 54",BK-T18U-54,1,1,Blue,100,75,461.4448,742.35,54,CM ,LB ,29.68,4,T ,L ,U ,3,36,1,Bikes,135033.465,8.7
959,"Touring-3000 Blue, 58",BK-T18U-58,1,1,Blue,100,75,461.4448,742.35,58,CM ,LB ,29.9,4,T ,L ,U ,3,36,1,Bikes,118367.7075,6.75
960,"Touring-3000 Blue, 62",BK-T18U-62,1,1,Blue,100,75,461.4448,742.35,62,CM ,LB ,30,4,T ,L ,U ,3,36,1,Bikes,86372.4225,3.45
961,"Touring-3000 Yellow, 44",BK-T18Y-44,1,1,Yellow,100,75,461.4448,742.35,44,CM ,LB ,28.77,4,T ,L ,U ,3,36,1,Bikes,151543.329,10.26
962,"Touring-3000 Yellow, 50",BK-T18Y-50,1,1,Yellow,100,75,461.4448,742.35,50,CM ,LB ,29.13,4,T ,L ,U ,3,36,1,Bikes,135775.815,8.7
963,"Touring-3000 Yellow, 54",BK-T18Y-54,1,1,Yellow,100,75,461.4448,742.35,54,CM ,LB ,29.42,4,T ,L ,U ,3,36,1,Bikes,110350.3275,6.75
964,"Touring-3000 Yellow, 58",BK-T18Y-58,1,1,Yellow,100,75,461.4448,742.35,58,CM ,LB ,29.79,4,T ,L ,U ,3,36,1,Bikes,80544.975,5.7
965,"Touring-3000 Yellow, 62",BK-T18Y-62,1,1,Yellow,100,75,461.4448,742.35,62,CM ,LB ,30,4,T ,L ,U ,3,36,1,Bikes,149204.9265,10.41
966,"Touring-1000 Blue, 46",BK-T79U-46,1,1,Blue,100,75,1481.9379,2384.07,46,CM ,LB ,25.13,4,T ,H ,U ,3,34,1,Bikes,800403.8211,0.27
967,"Touring-1000 Blue, 50",BK-T79U-50,1,1,Blue,100,75,1481.9379,2384.07,50,CM ,LB ,25.42,4,T ,H ,U ,3,34,1,Bikes,623672.712,0
968,"Touring-1000 Blue, 54",BK-T79U-54,1,1,Blue,100,75,1481.9379,2384.07,54,CM ,LB ,25.68,4,T ,H ,U ,3,34,1,Bikes,548812.914,0
969,"Touring-1000 Blue, 60",BK-T79U-60,1,1,Blue,100,75,1481.9379,2384.07,60,CM ,LB ,25.9,4,T ,H ,U ,3,34,1,Bikes,767241.4074,0.38
970,"Touring-2000 Blue, 46",BK-T44U-46,1,1,Blue,100,75,755.1508,1214.85,46,CM ,LB ,27.13,4,T ,M ,U ,3,35,1,Bikes,253393.413,0.02
971,"Touring-2000 Blue, 50",BK-T44U-50,1,1,Blue,100,75,755.1508,1214.85,50,CM ,LB ,27.42,4,T ,M ,U ,3,35,1,Bikes,195833.82,0
972,"Touring-2000 Blue, 54",BK-T44U-54,1,1,Blue,100,75,755.1508,1214.85,54,CM ,LB ,27.68,4,T ,M ,U ,3,35,1,Bikes,319432.659,0.26
973,"Road-350-W Yellow, 40",BK-R79Y-40,1,1,Yellow,100,75,1082.51,1700.99,40,CM ,LB ,15.35,4,R ,M ,W ,2,27,1,Bikes,751446.3523,0.43
974,"Road-350-W Yellow, 42",BK-R79Y-42,1,1,Yellow,100,75,1082.51,1700.99,42,CM ,LB ,15.77,4,R ,M ,W ,2,27,1,Bikes,624110.2409,0.09
975,"Road-350-W Yellow, 44",BK-R79Y-44,1,1,Yellow,100,75,1082.51,1700.99,44,CM ,LB ,16.13,4,R ,M ,W ,2,27,1,Bikes,485802.744,0
976,"Road-350-W Yellow, 48",BK-R79Y-48,1,1,Yellow,100,75,1082.51,1700.99,48,CM ,LB ,16.42,4,R ,M ,W ,2,27,1,Bikes,734079.2444,0.84
977,"Road-750 Black, 58",BK-R19B-58,1,1,Black,100,75,343.6496,539.99,58,CM ,LB ,20.79,4,R ,L ,U ,2,31,1,Bikes,246127.442,0
978,"Touring-3000 Blue, 44",BK-T18U-44,1,1,Blue,100,75,461.4448,742.35,44,CM ,LB ,28.77,4,T ,L ,U ,3,36,1,Bikes,81992.5575,4.95
979,"Touring-3000 Blue, 50",BK-T18U-50,1,1,Blue,100,75,461.4448,742.35,50,CM ,LB ,29.13,4,T ,L ,U ,3,36,1,Bikes,142998.8805,10.17
980,"Mountain-400-W Silver, 38",BK-M38S-38,1,1,Silver,100,75,419.7784,769.49,38,CM ,LB ,26.35,4,M ,M ,W ,1,22,1,Bikes,162362.39,0
981,"Mountain-400-W Silver, 40",BK-M38S-40,1,1,Silver,100,75,419.7784,769.49,40,CM ,LB ,26.77,4,M ,M ,W ,1,22,1,Bikes,178337.0024,0.04
982,"Mountain-400-W Silver, 42",BK-M38S-42,1,1,Silver,100,75,419.7784,769.49,42,CM ,LB ,27.13,4,M ,M ,W ,1,22,1,Bikes,146356.998,0
983,"Mountain-400-W Silver, 46",BK-M38S-46,1,1,Silver,100,75,419.7784,769.49,46,CM ,LB ,27.42,4,M ,M ,W ,1,22,1,Bikes,152805.3242,0.02
984,"Mountain-500 Silver, 40",BK-M18S-40,1,1,Silver,100,75,308.2179,564.99,40,CM ,LB ,27.35,4,M ,L ,U ,1,23,1,Bikes,78081.618,12.4
985,"Mountain-500 Silver, 42",BK-M18S-42,1,1,Silver,100,75,308.2179,564.99,42,CM ,LB ,27.77,4,M ,L ,U ,1,23,1,Bikes,76725.642,14.8
986,"Mountain-500 Silver, 44",BK-M18S-44,1,1,Silver,100,75,308.2179,564.99,44,CM ,LB ,28.13,4,M ,L ,U ,1,23,1,Bikes,68815.782,10.8
987,"Mountain-500 Silver, 48",BK-M18S-48,1,1,Silver,100,75,308.2179,564.99,48,CM ,LB ,28.42,4,M ,L ,U ,1,23,1,Bikes,80454.576,14.4
988,"Mountain-500 Silver, 52",BK-M18S-52,1,1,Silver,100,75,308.2179,564.99,52,CM ,LB ,28.68,4,M ,L ,U ,1,23,1,Bikes,82262.544,15.2
989,"Mountain-500 Black, 40",BK-M18B-40,1,1,Black,100,75,294.5797,539.99,40,CM ,LB ,27.35,4,M ,L ,U ,1,23,1,Bikes,58966.908,0
990,"Mountain-500 Black, 42",BK-M18B-42,1,1,Black,100,75,294.5797,539.99,42,CM ,LB ,27.77,4,M ,L ,U ,1,23,1,Bikes,73762.634,0
991,"Mountain-500 Black, 44",BK-M18B-44,1,1,Black,100,75,294.5797,539.99,44,CM ,LB ,28.13,4,M ,L ,U ,1,23,1,Bikes,75058.61,0
992,"Mountain-500 Black, 48",BK-M18B-48,1,1,Black,100,75,294.5797,539.99,48,CM ,LB ,28.42,4,M ,L ,U ,1,23,1,Bikes,87262.384,0
993,"Mountain-500 Black, 52",BK-M18B-52,1,1,Black,100,75,294.5797,539.99,52,CM ,LB ,28.68,4,M ,L ,U ,1,23,1,Bikes,56158.96,0
994,LL Bottom Bracket,BB-7421,1,1,NULL,500,375,23.9716,53.99,NULL,NULL,G  ,223,1,NULL,L ,NULL,5,95,2,Components,4859.1,0
995,ML Bottom Bracket,BB-8107,1,1,NULL,500,375,44.9506,101.24,NULL,NULL,G  ,168,1,NULL,M ,NULL,5,96,2,Components,NULL,NULL
996,HL Bottom Bracket,BB-9108,1,1,NULL,500,375,53.9416,121.49,NULL,NULL,G  ,170,1,NULL,H ,NULL,5,97,2,Components,15890.892,0
997,"Road-750 Black, 44",BK-R19B-44,1,1,Black,100,75,343.6496,539.99,44,CM ,LB ,19.77,4,R ,L ,U ,2,31,1,Bikes,228739.764,0
998,"Road-750 Black, 48",BK-R19B-48,1,1,Black,100,75,343.6496,539.99,48,CM ,LB ,20.13,4,R ,L ,U ,2,31,1,Bikes,300164.2413,0.33
999,"Road-750 Black, 52",BK-R19B-52,1,1,Black,100,75,343.6496,539.99,52,CM ,LB ,20.42,4,R ,L ,U ,2,31,1,Bikes,308809.4812,0.12
